name,description,recommendation
农村社会服务供给,工商资本参与提供的农资配送、农机作业、技术指导、金融保险等专业化农业服务。,KEEP
区域异质性,资本下乡对农民收入的影响在中西部与东部地区存在显著差异，体现政策效果的空间非均衡性。,KEEP
陈晓燕,关注资本下乡过程中农民权益保障机制构建的农业经济研究者。,DELETE
曹宗平,研究工商资本参与乡村振兴动因、利弊及治理对策的学术论坛作者。,DELETE
伪r平方,用于评估Logit/Probit等非线性模型拟合优度的统计指标，反映模型解释变异的比例,KEEP
小岗村,安徽省凤阳县小溪河镇下辖行政村，中国农村家庭联产承包责任制发源地，具有标志性制度实验意义。,DELETE
马勇进,青海省委党校学者，专注农村基层党组织功能发挥与党建引领乡村振兴路径,DELETE
农地承包到户,家庭联产承包责任制下将集体土地经营权长期稳定授予农户的制度安排，影响集体资产测度难度与合约选择倾向,KEEP
产权明晰,农村集体产权制度改革后形成的权属清晰、权能完整、流转顺畅的集体资产产权状态,KEEP
聚牛兴公司,与乌牛村合作的工商企业，参与仙桃李产业链经营，接受分成合约以降低事前议价成本,KEEP
农地经营规模,农业经营主体实际经营的耕地面积，是划分高/低规模分组的基础变量，影响其对分工与绿色技术的采纳能力。,KEEP
马子然,山东农业大学经济管理学院学者，本文第二作者，聚焦农业担保机制与政策评估研究。,DELETE
郑军,山东农业大学经济管理学院副教授，本文通讯作者，研究方向为农村金融制度与绿色发展路径。,DELETE
刘业伟,山东大学经济学院学者，本文第四作者，擅长计量方法与乡村振兴微观机制分析。,DELETE
信息失真率,反映合作过程中关键信息被误传、隐瞒或扭曲的程度，直接影响土地入股合作的信任基础与稳定性。,KEEP
严海蓉、陈义媛（2015）,揭示传统龙头企业通过控制土地与产业链上下游实现对代管农户支配关系的实证研究,KEEP
陈航英,研究资本下乡生态后果的学者，指出强势蔬菜资本导致地下水超采、农户生计脆弱化与村庄社区虚空化等问题,DELETE
郭亮,研究土地流转政治过程的学者，揭示资本通过非正式（混混）与正式（基层政权公关）手段操控农户自愿流转的实质,DELETE
俞吾金,中国哲学家，提出‘资本诠释学’理论，强调从哲学解释学路径重释马克思资本批判的思想方法论,DELETE
市值账面比,企业年末所有者权益市值与账面价值之比，反映市场对企业成长性与无形资产的估值,KEEP
跟踪企业数,分析师跟踪企业的平均数量加1后取自然对数，代理分析师资源投入与信息获取能力,KEEP
预测期间,分析师预测发布日与企业年报披露日平均间隔天数的自然对数，反映预测时效性与信息新鲜度,KEEP
克拉克法官,美国最高法院前大法官，1953年在SEC诉罗森普瑞纳案中提出‘法律目的说’，奠定私募/公募区分的正当性基础。,KEEP
陆昊,曾任北京市副市长，2004年系统分析北京市场环境特征，指出其需求规模、信息密度、区位枢纽性及消费示范性对郊区县域发展的关键支撑作用。,DELETE
李克强,1991年在《论我国农村的改革与发展》中提出‘农村工业化’理论，强调其非过渡性、结构性与城镇化联动性，为理解农民职工化提供理论基础。,DELETE
职工来源地构成,表征人才下乡程度与本地化融合水平的指标，怀柔企业职工46.0%来自本地区，18.3%来自北京，印证‘城市人力资源外溢’与‘农民职工化’并存。,KEEP
平原地区,地势平坦、土壤肥沃、交通便利的农村区域，通常具备较高农业生产效率与非农产业发展潜力。,KEEP
抚养负担,家庭中未成年子女与老年人口占总人口比重，反映家庭人力再生产压力与经济支持需求强度。,KEEP
孙浦阳,中国青年经济学家，江西财经大学教授，本文所引‘孙和亚伯拉罕方法’中‘孙’指其在事件分析与DID拓展方法上的贡献。,DELETE
alberto abadie,美国麻省理工学院经济学教授，提出合成控制法及事件研究法在DID框架下的严谨实现路径，被广泛用于政策评估。,KEEP
jens hainmueller,斯坦福大学政治学教授，熵平衡匹配方法的创立者，其2012年论文为该方法的理论与实证基准。,KEEP
企业层面样本,本文实证分析的基础观测单元，涵盖上市公司及其异地投资行为，用于识别物流标准化对企业跨区扩张的影响。,KEEP
扬黄水,通过电力提灌系统从黄河干流引水灌溉的工程性水源，受总量配额与气候影响，供水稳定性低于地下水。,DELETE
地下水,黄高县河谷川道区主要灌溉水源，具有开采便利、水量相对稳定等特点，但过度抽取易引发水位下降与机井干涸。,DELETE
压夏增秋,20世纪90年代黄高县推行的种植结构调整政策，通过压缩小麦（夏粮）面积、扩大玉米马铃薯（秋粮）面积提升降水利用率。,KEEP
张义合作社,与林华合作社并列的本地蔬菜经营主体，参与构建对小农户生产资料与流通环节的控制体系，是资本下乡在村级组织层面的重要执行者。,KEEP
刘东,黄高县水务局办公室主任，代表基层水利管理部门，公开承认蔬菜经济效益高从而支持项目井建设，并默认农户取水许可审批冻结的政策实践者。,DELETE
管理者思维,一种以效率优先、技术理性与行政主导为特征的治理逻辑，将农民视为需改造的对象，将资源视为可优化配置的生产要素。,KEEP
节水悖论,表面采用节水技术但实际加剧水资源消耗的现象，源于高耗水作物常年需水、深层地下水超采及循环系统破坏。,KEEP
有效灌溉面积,具有灌溉设施、能正常发挥效益的耕地面积，是衡量农业水利现代化的重要指标,KEEP
漫灌,一种传统地面灌溉方式，水资源利用效率低且易加剧土壤盐碱化和面源污染,DELETE
畦灌,将田块划分为小畦进行灌溉的地面灌水方法，虽较漫灌节水但仍属粗放型用水方式,DELETE
碳排放量,农业生产过程中因能源消耗、化肥施用、土地利用变化等产生的二氧化碳当量排放总量,KEEP
直辖市,中国省级行政单位，包括北京、天津、上海、重庆，享有中央直接管辖权,DELETE
空间滞后模型,在回归方程中引入被解释变量空间滞后项以刻画空间溢出效应的计量模型,KEEP
空间误差模型,在误差项中引入空间自相关结构以处理扰动项空间依赖的计量模型,KEEP
粮食功能区,国家依据粮食生产功能划分的三类区域：粮食主产区、粮食主销区和产销平衡区，具有差异化政策导向。,KEEP
沪港通,2014年11月17日启动的上海证券交易所与香港交易所互联互通机制，为深港通提供制度先验与运行基础。,DELETE
香港专业投资者,依据《证券及期货条例》及《专业投资者规则》界定的机构、法团及高净值个人投资者，适用差异化监管与信息披露豁免。,KEEP
香港零售投资者,未达专业投资者标准的普通投资者，享有更严格的信息披露、风险揭示与销售行为规范保护。,KEEP
无结构的劳动力市场,费希尔提出的概念，指缺乏正式制度约束、高度依赖非正式社会关系、准入门槛低、年龄性别包容性强的劳动力配置机制,KEEP
师傅,外地劳力内部采收环节的基层技术骨干和小组负责人，每100人配置1名，承担技能指导与质量初筛职责。,DELETE
片长/组长,外地劳力内部最小管理单元负责人，每30人左右设1名，执行具体任务分派与现场协调。,KEEP
zhang and wen (2008),分析地方政府执行环境政策不力的制度成因的实证研究,KEEP
周黎安 (2004),提出地方政府‘为增长而竞争’理论框架的中文经典文献,KEEP
resset数据库,锐思金融数据库，提供中国资本市场高频与另类数据支持,KEEP
可抵押资产率（tang）,固定资产与总资产之比，衡量企业可用于抵押的实物资产比例，影响债务融资能力。,KEEP
市值账面比,公司市值与其账面净资产之比，本文作为控制变量纳入回归模型，反映市场对企业成长性与无形资产的预期，用于排除基本面因素对机构持股决策的干扰。,KEEP
non-market interactions,Glaeser与Scheinkman于2003年收录于Econometrics World Congress论文集的理论综述，界定非市场互动的经济分析边界。,KEEP
"you can’t pay them enough: subsidies, environmental law, and social norms",Green于2006年在Harvard Environmental Law Review发表的跨学科论文，分析补贴政策与环境规范的交互效应。,KEEP
does religion matter in corporate decision making in america?,Hilary与Hui于2009年JFE发表的宗教地理匹配研究，发现CEO宗教背景显著影响企业社会责任投入水平。,KEEP
the price of sin: the effects of social norms on markets,Hong与Kacperczyk于2009年JFE提出的‘罪恶股溢价’理论，量化社会规范对资本市场定价的非财务约束。,KEEP
welfare state disincentives with endogenous habits and norms,Lindbeck于1995年Scandinavian Journal of Economics提出的福利国家动态模型，引入习惯与规范内生形成机制。,KEEP
environmental activisms of firm’s neighboring residents,Liu等2010年发表于Journal of Cleaner Production的中国实证研究，证实社区居民环境抗争显著提升企业污染治理投入。,KEEP
industrial pollution control policies in asia,Markandya与Shibli于1995年AJEM评估亚洲国家污染治理政策有效性，指出执行能力弱于制度设计缺陷。,KEEP
a simple model of capital market equilibrium with incomplete information,Merton于1987年JF提出的不完全信息均衡模型，为信息经济学在金融市场的应用奠定基础。,KEEP
information regulation of industrial pollution in developing countries,Pargal与Wheeler于1996年JPE发表的印尼案例研究，验证环境信息披露制度对污染减排的实际效力。,KEEP
the theory of social custom,Romer于1984年QJE提出的习俗内生理论，将社会习俗建模为个体最优策略互动的纳什均衡结果。,KEEP
environmental politics and policy,Rosenbaum于1998年CQ Press出版的环境政治学教科书，系统梳理美国环境政策制定中的权力博弈结构。,KEEP
red sky at morning: america and the crisis of the global environment,Speth于2004年耶鲁大学出版社出版的全球环境危机批判著作，强调制度变革而非技术改良的紧迫性。,KEEP
rationality and freedom,Sen于2002年哈佛大学出版社出版的哲学经济学专著，重构理性概念以兼容自由、权利与实质机会平等。,KEEP
the effect of socially activist investment policies,Teoh等1999年Journal of Business发表的南非撤资运动研究，首次量化道德投资对目标企业融资成本的影响。,KEEP
review and challenges of policies of environmental protection and sustainable development in china,Zhang与Wen于2008年JEM发表的中国环境政策评估，指出多头管理、地方保护主义与执法资源不足三大结构性矛盾。,KEEP
利润,剩余价值在现象形态上的转化形式，体现资本对劳动成果的占有关系。,DELETE
何自力,南开大学经济学院教授，马克思主义政治经济学学者，专注于资本理论与社会主义市场经济研究。,DELETE
王奕,本文合作者，南开大学经济学院研究人员，参与资本规范发展与政治经济学理论创新研究。,DELETE
不变资本,用于购买生产资料的那部分资本，其价值在生产过程中不发生增殖，仅转移到新产品中。,KEEP
可变资本,用于购买劳动力的那部分资本，其价值在生产过程中通过剩余劳动被重新生产并增殖，是剩余价值的唯一来源。,KEEP
让-巴蒂斯特·萨伊,法国庸俗经济学家，提出‘生产要素创造各自收入’的萨伊定律，将资本物质形态直接等同于利润来源，成为资本拜物教的理论代表。,KEEP
必要个人价值,社会主义条件下劳动者必要工作日中用于满足自身及家庭消费的价值凝结，区别于资本主义必要劳动,KEEP
资本量,衡量资本规模的经济指标，文中指出私有资本须达到历史规定的最低限额才构成真正意义上的资本,DELETE
彭玉生,社会学家，与黄宗智合作研究中国农村变迁，关注人口结构、就业转移与农业转型的交互机制。,DELETE
周健,清华大学历史系教授，专长清代华北乡村社会组织史，代表作聚焦青苗会等传统互助组织的功能演化。,DELETE
周立群,长期从事农业产业化与农村组织形态演变研究的经济学家。,DELETE
劳动力要素投入,本文以家庭从事农业超3个月人数与实际经营农地面积之比表征。,KEEP
省会城市,省级行政区政治、经济与文化中心，通常具有更强的政策执行能力、资源集聚能力和制度创新能力,KEEP
chen 和 roth (2024),应用泊松DID模型处理零膨胀计数数据的前沿方法论论文，为工商资本数量型指标建模提供技术支撑,KEEP
三支一扶,高校毕业生到基层从事支农、支教、支医和扶贫工作的服务计划，属人才下乡支持政策。,KEEP
低代偿率地区,农业经营主体违约率低、信用状况良好、农担代偿负担轻的区域,KEEP
高代偿率地区,农业经营主体违约率高、信用状况较差、农担代偿负担重的区域,KEEP
样本量,实证研究中使用的有效观测数量，文中涉及3352–3696户农户调查数据。,DELETE
标准化处理,将变量转换为均值为0、标准差为1的标准正态分布过程，便于跨变量量纲可比性分析。,KEEP
张帆,南京农业大学金融学院学者，本文第二作者，聚焦农村金融支持乡村振兴的机制与效应。,DELETE
赵虎,江苏省农业农村厅发展指导办公室官员，本文第四作者，参与地方乡村振兴政策设计与实施评估。,DELETE
卢杰,兴民农场会计，观察到南北区产量差距逐年扩大的趋势，佐证风气差异的实证基础,DELETE
承包制,兴民农场采用的经营组织形式，将土地分包给个体承包人，形成责任明确但风气敏感的治理结构,DELETE
谭培文,中国马克思主义理论学者，长期从事意识形态与数字时代资本批判研究，与赖立合作探讨数字消费内蕴矛盾。,DELETE
李孟杰,政治经济学青年学者，与盖凯程合作研究数字资本对实体经济与虚拟经济关系的结构性影响。,DELETE
许成安,与张媛合作研究数字鸿沟的社会后果，主张从人的全面发展视角反思数字资本扩张的伦理边界。,DELETE
王宝珠,数字监控资本主义研究者，与王利云合作揭示技术—制度—控制三位一体的新型劳动控制范式。,DELETE
李石,制度经济学学者，主张推动所有制关系从物质资源独占转向数字资源共享，构建平台化产权新范式。,DELETE
杜巧玲,数字经济治理研究者，倡导财富分配机制从经验化向数字化转型，以大数据模型促进效率与公平统一。,DELETE
徐昕,劳动法学专家，主张通过立法明确数字劳动者权益边界，确立平台责任与隐私保护的法律强制义务。,DELETE
农地特征,指农户所经营农地的质量、区位、连片程度等影响流转决策的地块属性。,KEEP
地区虚拟变量,用于控制区域固定效应的分类变量，如东部地区、中部地区哑变量。,KEEP
所有制,生产资料归谁所有、由谁支配的社会经济制度基础，决定社会性质与分配方式，是马克思主义政治经济学的核心范畴,DELETE
本村位置,村庄距最近县/区政府驻地距离的对数值（公里），反映行政服务可达性与区位优势。,KEEP
上海市外蔬菜主供应基地,A县依托长三角一体化战略打造的区域性农产品保供制度安排，通过政策引导与订单农业推动资本与农户协同履约,KEEP
中农土地集中,L村蔬菜产业发展第二阶段出现的现象，中农群体通过低价流转农户土地开展小规模经营，构成资本下乡前的过渡性经营形态,KEEP
农户专业化生产,农户在分工体系中聚焦田间管理与标准化种植，技能重组升级，形成可验证、可复制的规范性人力资本，提升单位土地产出与收入稳定性。,KEEP
强资本弱小农,资本在合同、市场、技术等维度占据结构性优势，导致小农议价权弱化与利润空间被压缩的不平等格局,KEEP
在地式农业旅游景观,根植于本地资源禀赋、文化传统与生态本底，由资本与农户协同打造的具有生命力与持久性的特色农旅空间形态,KEEP
互惠难题,指资本下乡过程中，企业追求经济理性与村庄诉求道义性互惠之间难以调和的结构性矛盾，导致合作可持续性受损。,KEEP
利润微薄压力,H公司因农业周期长、前期投入大、管理粗放等原因导致盈利空间有限，成为其拒绝承担更多村庄公共责任的核心经济约束,KEEP
局内人与局外人,描述资本主体在乡土社会中的身份认同状态：既非完全外来者，也未获得本地成员资格的社会定位。,KEEP
农民生计能力,Bebbington提出的多维资本（物质、人力、社会、文化、自然）整合能力，决定小农在结构性压力下的可持续生存与发展。,KEEP
悬浮型政权,周飞舟提出的概念，指税费改革后基层政权脱离农民日常生产生活、治理触角弱化、公共性流失的状态。,KEEP
褚瑞云,研究“村企互动”战略推进新农村建设的学者，强调企业社会责任与村庄发展需求的对接。,DELETE
资源性资产,农村集体拥有的自然资源类资产，包括耕地、林地、草地、荒地、滩涂、水面等，具有生态功能与生产潜力双重属性。,KEEP
承包到户农地,实行家庭联产承包责任制后明确归属农户经营的耕地，其权属清晰、产出稳定，较易形成标准化租金定价。,KEEP
合约不完全性,由于信息不对称、未来不确定性及缔约成本限制，合约无法涵盖所有可能状态与行为，需依赖事后协调与再谈判。,KEEP
重庆玖凤旅游开发有限公司,入驻凤凰社区的工商企业，参与茶叶种植、景区开发与设施租赁，与村集体存在固定租约与分成合约双重关系,KEEP
江东银杏村,云南省典型案例村，以40公顷林场集体所有权入股，因古树价值难以估价而采用分成合约。,KEEP
巴泽尔,产权经济学代表学者，在《产权的经济分析》中指出资产转让成本源于属性界定不完善与测度困难。,DELETE
《产权的经济分析》,巴泽尔1989年出版的经典著作，系统阐释产权界定成本、资产属性测度与交易成本之间的内在关系。,KEEP
农林部门,主管农业、林业、农村经济发展及集体产权制度改革的政府组成部门,KEEP
塘约村,贵州省安顺市平坝区典型村，以‘塘约经验’推动新型集体经济组织重构与乡村再组织化,DELETE
m村,湖北省荆门市返乡创业典型村，探索‘众筹创业’与‘村企合一’融合发展路径,DELETE
垄断形成,资本集中与积累导致大企业控制关键资源和市场份额，限制竞争、抬高价格、抑制创新的结构性现象,KEEP
扩大再生产,社会总资本在规模扩大的基础上进行的连续再生产过程，是经济增长的本质表现,KEEP
企业创新主体地位,企业在技术创新决策、研发投入、成果转化和产业化中发挥主导作用的制度性定位,KEEP
创新,驱动高质量发展的第一动力，包括科技创新、制度创新与商业模式创新，是资本正向功能的重要体现。,DELETE
扩大就业,私人资本通过投资实业、发展服务业等方式创造就业岗位，是其支持经济增长与社会稳定的关键功能。,KEEP
增加税收,私人资本经营活动中依法纳税，构成财政收入重要来源，支撑公共服务与再分配能力建设。,KEEP
双减政策,《关于进一步减轻义务教育阶段学生作业负担和校外培训负担的意见》所确立的教育治理政策，核心是限制资本介入学科类培训并规范行业运营。,KEEP
京东reit获批,2022年12月26日嘉实京东仓储物流封闭式基础设施证券投资基金获批，成为平台经济‘绿灯投资’标志性案例。,KEEP
教育部,主管全国教育事业的国务院组成部门，牵头推进‘双减’政策落地与校外培训监管体系建设。,DELETE
bhaduri & marglin (1990),开创性论文《失业与实际工资》，构建工资主导型与利润主导型经济的宏观动态模型,KEEP
经济波动与危机,资本逐利性引发的过度投资、资产泡沫或金融空转，可能导致宏观失衡与系统性风险。,KEEP
多边投资协定,多个国家共同签署的、旨在保护投资者权益、规范投资准入与争端解决机制的国际法律协议,KEEP
王宠霖,与何佳合作研究资本无序扩张问题的学者，共同揭示其对金融稳定与分配秩序的破坏机制,DELETE
农药标签合规使用,严格按照农药标签标注的使用范围、方法、剂量及注意事项施用，禁止扩大范围、加大剂量或改变方法,KEEP
个人防护装备使用,配药与施药过程中佩戴眼镜、防护靴、口罩等装备的行为，是规范用药行为的关键防护环节,KEEP
施药过程环境保护,禁止在饮用水水源保护区、河道丢弃农药及包装物，禁止清洗器械污染水体，体现生态友好型用药理念,KEEP
农业化学品减量,通过规范使用行为而非单纯压缩用量，实现农药对健康、环境与农产品安全负面影响的整体降低,KEEP
有效样本量,经剔除无效问卷后最终纳入分析的农户有效问卷数量为1649份,KEEP
pseudo r²,用于评估Logit/Probit等非线性模型拟合优度的伪决定系数，反映解释变量对被解释变量变异的解释比例,KEEP
塔尔科特·帕森斯,美国社会学家，结构功能主义代表人物，提出AGIL模型解释社会系统的稳定性与功能性运作。,KEEP
农户合作偏好,农户在资本下乡情境中对供给主体、合作模式、利益联结机制和服务保障等维度的差异化选择倾向，反映其理性决策与主体性诉求。,KEEP
农户偏好异质性,指不同农户在资本下乡合作中因个体特征、家庭结构、风险态度等差异而表现出的系统性选择偏好分化。,KEEP
交互项,将农户特征变量（如X_i'）与选择属性变量（如Z_ij'）相乘引入模型，用以识别异质性来源及调节效应方向。,DELETE
能人返乡,具有本地户籍或社会关系网络的外出务工经商人员回乡投资创业，兼具乡土信任与市场能力的资本供给主体类型。,KEEP
外来企业,注册地不在本村或本县、以盈利为目标进入农村开展农业经营或服务的工商资本主体，常面临嵌入性不足问题。,KEEP
公司+村集体+农户,以村集体为组织中介和利益协调平台的三方合作模式，强调集体资产整合与农户权益保障。,KEEP
随行就市,基于市场价格波动自由交易农产品的合作机制，体现松散型市场关系，农户自主性强但抗风险能力弱。,KEEP
能人返乡,本村籍企业家或技术人才回乡创业并带动农户参与资本下乡的合作模式，具有信任基础、声誉约束与乡土情怀三重优势。,KEEP
黄岗岭村,溧阳市上黄镇下属自然村，典型案例地，返乡能人K总创办XL生态农业公司，实现茶果生态园区与村庄共建。,KEEP
公司+村集体+农户,以村集体为中介整合资源、协调利益、降低交易成本的合作模式，农户效用显著高于基准模式‘公司+农户’。,KEEP
竹箦镇j村,溧阳市竹箦镇行政村，由村集体牵头整合土地资源引入社会资本发展文旅产业，2023年集体经济销售额超千万元。,KEEP
替代常数项（asc）,混合Logit模型中代表不与工商资本合作这一选项的基础效用，其正值且显著表明农户整体存在合作倾向。,KEEP
泰国甜椒生产,泰国农业中以订单农业和供应链差异化为特征的特色蔬菜产业化实践案例,KEEP
孟岑,学术期刊责任编辑，负责农业经济类论文的编辑审校与出版协调工作,DELETE
价值取向对抗性,工商资本逐利逻辑与集体经济公益目标之间的根本张力，构成价值共创过程中持续存在的深层矛盾根源。,KEEP
石头房子,T村利用废弃村小改建的公私合营文旅项目，由入驻团队运营，集体经济组织按营业额分成,KEEP
石政,文中引用的T村村民代表，反映基础设施改善后‘不出去就能挣到钱’的获得感,DELETE
eisenhardt等（2007）,提出典型性与理论抽样原则的经典方法论文献，为本文案例选择提供方法论依据,KEEP
村庄社群内在认同,工商资本被村民接纳为‘新村民’的心理与文化基础，是其可持续参与共建共治共享的前提条件。,KEEP
科学治理农村生活污水,依据地形地貌、人口集聚度与水环境承载力，采用分散式生态处理（如净化槽、人工湿地）或集中式设施处理的技术路径。,KEEP
现代化经济体系,由创新引领、协同发展、统一开放、竞争有序的产业、市场、收入分配、城乡区域、绿色发展、全面开放六大体系构成。,KEEP
家庭成员平均年龄,农户家庭全体成员年龄的算术平均值（岁），反映人口结构老龄化或代际梯度特征。,KEEP
泰国,东南亚农业出口国，其甜椒产业为分析供应链分化与农户市场选择提供经验基础,DELETE
文军和刘雨航,研究数字技术赋能乡村治理与产业转型的学者，2022年提出‘互联网+田头市场+城市终端配送’云销售模式概念。,KEEP
王星和周重礼,研究农户技能升级与收入稳定性提升路径的学者，2023年指出技术指导与规范生产对农户标准化能力建构的关键作用。,KEEP
吴重庆和张慧鹏,批判资本单边垄断型分工的学者，2019年警示简单外包服务可能导致小农户被剥削的风险。,KEEP
苟兴朝和杨继瑞,研究农地产权实现机制的学者，指出农户需保障农地经营权的在位控制权与增值收益索取权，本文用以阐释分工中农户主体性。,KEEP
戴天放,农业新业态定义者，提出农业新业态须满足新产品/服务供给、跨界融合、持续成长与规模经营四维标准。,DELETE
标准化偏误,倾向得分匹配前后各协变量在处理组与控制组间均值差异除以其合并标准差所得的度量，用于平衡性检验,KEEP
区域虚拟变量,用于控制地理空间不可观测异质性的计量工具变量，如东/中/西部、省域或县域哑变量,KEEP
产权明晰,农村集体产权制度改革的核心目标，指集体资产所有权、成员资格权、经营权等权属边界清晰、可确权登记,KEEP
聚牛兴公司,与乌牛村合作的工商企业，参与水果分拣中心设备厂房的分成合约经营,KEEP
江晓玲,本文作者之一，参与对H公司与Z村互动案例的实证调查与机制分析。,DELETE
农地经营规模,以耕地面积与从业人数比值或实际经营面积衡量的农业生产单元规模，是规模经济实现的基础条件,KEEP
农业专利申请总量,衡量农业科技创新活跃度的量化指标，反映绿色技术供给潜力,KEEP
农户信贷可得性,农户获得正规金融机构贷款的难易程度与可及水平，受信用记录、抵押物与担保机制影响,KEEP
打药互助组合,北区王福生、王福春、王福章三人形成的非正式协作单元，体现高关系聚合度下的精细化分工合作,KEEP
付方盛,兴民农场新任承包人，接手张佳吉原承包的20号地块，系农场主王辰林远方姑姑的妹夫，代表外部嵌入的积极力量。,DELETE
返乡劳动力,曾在城市务工后返回户籍所在村庄就业或创业的农村劳动力，兼具城市经验与本地认同双重特征。,KEEP
留守劳动力,因家庭照护、土地经营等原因未外出务工，长期在本村从事农业或非农活动的农村劳动力。,KEEP
工作保障,涵盖社会保险参保、工伤防护、劳动监察覆盖、集体协商机制等制度性权益保障水平。,KEEP
户主性别,农户家庭主要决策者性别属性，本研究中未发现其与土地流转意愿存在统计显著相关性。,KEEP
家庭流转农地面积,农户家庭历史上已发生流转行为所涉及的土地面积，反映其农地市场参与经验和路径依赖倾向。,KEEP
女性劳动力,农村从事农业生产的女性劳动者，其比例上升反映农业劳动力性别结构变化与留守现象,KEEP
倒u型关系,指两个变量间先正向增长后趋于下降的非线性关系；文中指土地规模与土地产出率的关系形态。,KEEP
正u型关系,变量间先负向后正向的变化关系，如户主年龄与农地转出呈正U型，拐点为43岁,KEEP
刘铮、赵志浩（2016）,对工商资本租赁农地现象进行冷思考的批判性研究，刊发于《黑龙江社会科学》。,KEEP
新兴农民,指在市场化进程中通过土地集中、资本投入和技术应用成长为具备规模经营能力的新型农业经营主体，常见于非洲及转型经济体。,KEEP
黄红常,农业经济实证研究学者，专注于农村金融、土地制度与农户微观行为的计量分析。,DELETE
徐志翔,农村发展研究者，聚焦土地流转对资源配置效率与农民福利的影响机制。,DELETE
戚颖,农业政策与农村金融方向青年学者，参与多项江苏省农村改革跟踪调研项目。,DELETE
nicholas j. sitko,赞比亚籍农业经济学家，研究重心为非洲土地市场化、新兴农场主崛起与结构性不平等。,KEEP
thomas s. jayne,美国密歇根州立大学发展经济学教授，非洲农业转型与粮食政策领域国际权威学者。,KEEP
高海,中国农村法治与比较农业制度研究者，重点关注美日欧家庭农场制度及其对中国启示。,DELETE
何传启,中国现代化研究学者，提出第二次现代化理论,DELETE
赵蓓文,世界经济研究学者，聚焦转型国家FDI宏观效应比较分析,DELETE
李治国、唐国兴,中国经济学者，构建中国转型期资本形成与存量调整模型,KEEP
蔡明荣、任世驰,企业金融化研究综述者，梳理企业金融化动因与后果,KEEP
苏治、方彤、尹力博,宏观经济计量学者，实证检验中国虚拟经济与实体经济关联性,KEEP
王海霞,劳动关系研究者，探讨社会主义条件下和谐劳资关系构建路径,DELETE
唐跃军、左晶晶,公司治理研究者，提出基于动态股权治理平台的创业企业治理模式,KEEP
个人间流转,农户之间自发进行的小规模、短期、非正式的土地经营权转移行为。,KEEP
王绍琛,社会学研究者，本文合作者，聚焦城乡关系与资本下乡的社会学机制分析。,DELETE
普含怡,白志斌妻子，家庭主要劳动力之一，参与田间管理与零工劳动，在女工主导的果园用工体系中具代表性。,DELETE
王欧,研究农民工代际差异与文化认同的学者，关注第二代农民工在城乡夹缝中的身份张力与情感归属问题。,DELETE
粟后发,聚焦乡村人口流动与家庭伦理变迁的青年学者，探讨城镇化进程中代际支持模式与村庄存续逻辑。,DELETE
农村地区引进工业促进法,日本1971年施行的法律，旨在通过财政支持吸引劳动密集型社会资本进入乡村非农产业,KEEP
《农村地区工业等导入促进法》,日本引导工业资本进入农村地区、活化乡村经济的早期法律，后被升级为《农村产业法》等系列法规。,KEEP
《休闲度假村法》,日本支持社会资本投资乡村旅游与康养设施的专项法律，明确设施建设条件与空间准入规则。,KEEP
《六次产业法》,日本推动农业与加工、流通、服务深度融合（1×2×3=6）的法律框架，鼓励社会资本参与农产品附加值提升和本地化产业链建设。,KEEP
《河川法》,日本规范水资源利用与水系保护的法律，在农业投资审查中用于评估作物变更对共享水利系统的外部性影响。,KEEP
《农药取缔法》,日本规制农药登记、销售与使用的法律，构成农业面源污染防控的重要制度工具。,KEEP
《禽畜分辨处理法》,日本规范畜禽粪便收集、贮存、利用与处置的专门法律，防范养殖类社会资本引发的土壤与水体污染风险。,KEEP
恢复性司法,要求违法者采取实质性措施修复受损生态、农地或社会关系的司法理念与责任追究方式,KEEP
分类分级管制,依据区位、禀赋与功能定位，对农地实行差异化用途管控与弹性准入的精细化治理制度,KEEP
农产品深加工基地,G公司投资建设的产业配套项目，延长葡萄产业链，提升本地农产品附加值与就业承载能力。,KEEP
净利润增长率,（当期净利润−上期净利润）/上期净利润，衡量企业盈利增长能力,KEEP
董监高持股比例,董事、监事及高级管理人员持股股数占发行总股数的比例，体现内部激励机制,KEEP
董事长与总经理是否兼任,一人同时担任董事长和总经理的二元变量，反映公司治理结构特征,KEEP
股权质押比例,股权质押股数占发行总股数的比例，表征控股股东流动性压力与风险,KEEP
换手率,股票成交量与发行总股数之比，反映市场交易活跃度与流动性,DELETE
现金资产比率,现金类资产与流动资产之比，衡量企业短期偿债能力与财务稳健性,KEEP
稳健性检验,通过更换样本区间、变量定义或计量模型等方式验证核心结论是否稳定的实证程序,KEEP
jel分类号,美国经济学会制定的经济学文献主题分类编码体系，用于学术论文标准化标引,KEEP
农户间流转,农村内部农户之间基于熟人社会关系进行的土地承包经营权互换、转包等自发性流转行为,KEEP
陈文晖,华南农业大学学者，本文作者之一，聚焦农业经营组织与农户行为研究,DELETE
互赢共存,资本农业与农户经营在二元并存中形成协作关系，实现利益共享与功能互补的发展状态,KEEP
小农经营格局,人均一亩三分、户均不过十亩的传统分散经营状态，构成农业转型需突破的初始条件,KEEP
乡村主理人,深度参与单个乡村空间或业态运营的在地化实践者，常兼具内容策划、品牌传播与社区动员能力,KEEP
付伟,中国社会学学者，聚焦农业转型的社会基础研究，提出‘农业技术—社会基础—组织形态’分析框架,DELETE
行政事务负担,指乡村运营主体被迫承担大量填表、迎检、会议、接待等非生产性行政任务，挤占其市场运营精力,KEEP
《特拉华州公司法》,美国最具影响力的公司法典，确立以董事权力为中心、强调资本效率与自治的任意模式资本制度范本,KEEP
面额股,标明固定票面金额的股份，传统公司法中注册资本等于面额乘以股份数，构成‘先有资本后有股份’的法定资本制基础。,DELETE
枕水镇古镇保护与旅游开发管理委员会,市级政府派出机构，承担古镇保护、旅游开发统筹与执法监管职能，代表地方政府行动主体。,KEEP
发展主义,以经济增长为最高目标、将发展视为线性进步过程的意识形态框架，在资本下乡实践中体现为乡村振兴政策的技术理性取向。,KEEP
市场问题的伦理化转化,1980年代乡土小说将市场经济矛盾转化为仁恕、原罪、道义等伦理议题的叙事策略，回避了政治经济学层面的深度探讨。,KEEP
乡土文化的博物馆化,传统民俗、信仰与地方知识被抽离原生语境，转化为可展示、可消费、可资本化的静态遗产，象征文化活态性的消退。,KEEP
刘文祥,河北大学文学院学者，本文第一作者，聚焦新世纪乡土小说转型与资本下乡的文学表征研究。,DELETE
王成山,河北大学文学院学者，本文第二作者，与刘文祥合作探讨资本下乡语境下的乡土叙事变革。,DELETE
甫跃辉,上海青年作家，代表作《我的莲花盛开的村庄》《收获日》，擅长描写琐碎日常但缺乏历史纵深感。,DELETE
非规范拟合指数,修正后的增量拟合指标，本文NNFI=0.875，虽略低于0.9但仍在可接受范围，结合其他指标判断模型稳健,KEEP
和积法,层次分析法中求解权重向量的一种经典算法，通过对判断矩阵列向量归一化后求行平均得到特征向量,DELETE
土地经济功能,土地作为生产资料为农户提供农产品产出、租金收入、资产增值等经济效用的能力,KEEP
土地生态功能,土地所承载的水源涵养、生物多样性维持、气候调节、景观美学等生态系统服务价值,KEEP
高思涵和鄢伟波（2023）,从网络组织视角发现家庭农场加入合作社可强化社会资本网络资源，提升多元化经营与增收能力,KEEP
增值拟合指数,比较目标模型与独立模型的相对改善程度，IFI=0.956>0.900，说明模型解释力强,KEEP
卡方与自由度比值,简约适配度指标，PCMIN/df=2.601<3.000，表明模型简洁且拟合充分,KEEP
头雁项目,农业农村部与教育部联合实施的乡村振兴带头人培育计划，聚焦家庭农场主、合作社带头人等领头雁群体,KEEP
寻租谋利空间,因制度模糊、监管缺位或权力寻租所形成的套取财政补贴、违规用地、低价流转等非生产性获利机会。,KEEP
双重委托—代理,农户→村集体→工商资本的两层委托代理关系，加剧信息扭曲与道德风险，构成土地流转治理困境的制度根源。,KEEP
嵊州市,浙江省绍兴市下辖县级市，S村所属行政区域，是资本下乡政策落地的具体空间单元。,DELETE
人与自然之间的物质变换,人类生存发展的基本实践过程，其合理支配与控制是实现从必然王国向自由王国跨越的前提。,KEEP
委托-代理关系,企业将部分经营职能委托给合作社执行，并通过契约与监督机制约束代理人行为。,KEEP
2024年捐资助学款79150元,九峰村捐资助学协会2024年度募集总额，反映村庄内生公益动员能力。,KEEP
乡村春晚赞助3000元,九姜源公司对九峰村文化协会承办的乡村春晚提供的现金赞助金额。,KEEP
生姜红糖膏10箱,九姜源公司为九峰村乡村春晚提供的实物赞助，体现产业特色与在地化品牌表达。,KEEP
高收入农户,家庭人均收入处于区域或全国收入分布较高分位（如75%以上）的农村家庭，劳动力非农就业占比高、土地依赖度低。,KEEP
股金,农户以土地经营权入股农业企业或合作社所获得的分红收益，体现土地要素市场化配置新形式。,DELETE
q₀.₂₅（第25分位点）,分位数回归中代表中低收入组农户收入水平的临界点，反映工商资本下乡对收入分布下四分之一群体的影响强度。,KEEP
q₀.₅₀（中位数分位点）,分位数回归中代表中等收入组农户收入水平的临界点，即样本收入分布的中位数，体现工商资本下乡的平均边际效应。,KEEP
q₀.₇₅（第75分位点）,分位数回归中代表中高收入组农户收入水平的临界点，用于检验工商资本下乡对收入上四分之一群体的递减效应。,KEEP
空间格局演变,地理现象在空间分布形态随时间推移发生的结构性变化过程,KEEP
乔治·赫伯特·米德,美国社会心理学家、符号互动论奠基人，提出‘主我—客我’理论与游戏阶段概念，为角色概念的社会学转化提供关键基础。,KEEP
不平等和异质性,彼得·布劳所著社会学经典著作，系统分析社会结构中不平等与群体异质性的生成机制及其对社会互动的影响。,KEEP
职业声望与社会经济地位指数测量,一种通过职业声望排序与客观社会经济指标（如教育、收入）相结合，量化社会分层结构的实证方法。,KEEP
布莱克威尔政治思想百科全书,由戴维·米勒主编的权威政治哲学工具书，涵盖公民身份、正义、自由、平等、身份等核心概念的理论谱系。,KEEP
美国公民权：寻求接纳,朱迪思·N·施克拉所著，以历史叙事方式阐释美国公民权从法律权利到社会承认的拓展逻辑，强调‘接纳’作为公民权实质维度。,KEEP
社会网分析,研究社会行动者之间关系结构及其对信息传播、资源获取、行为约束等影响的理论与方法体系。,KEEP
镶嵌,格兰诺维特提出的核心概念，指经济行动嵌入于具体社会关系网络之中，而非脱离社会背景的纯粹理性计算。,DELETE
结构洞,罗纳德·伯特提出的网络位置概念，指两个非冗余联系人之间的断裂间隙，占据该位置者拥有信息优势与控制优势。,DELETE
污名,戈夫曼界定为个体因具有一种被社会贬低的属性而遭受身份受损、社会排斥与道德降级的社会过程。,DELETE
拟剧论,戈夫曼以戏剧隐喻分析社会互动，主张个体在前台/后台中通过印象管理策略建构并维持社会身份与角色认同。,DELETE
日常接触,戈夫曼对微观社会互动秩序的研究，关注陌生人之间短暂、非制度化但遵循默会规则的面对面交往实践。,KEEP
话语分析,一种将语言视为社会实践的研究路径，关注话语如何建构社会现实、权力关系与主体身份。,KEEP
身份理论,Stryker与Burke发展的社会学理论，聚焦角色身份如何通过社会互动、承诺程度与反馈循环影响行为与自我概念。,KEEP
身份,指个体或群体在社会结构中基于文化、历史、制度与互动所确立的自我界定与他者承认的复合性存在状态。,DELETE
张晓山（2013）,强调农业现代化不能剥夺农民土地，反对将农民从经营主体降格为资本利润的依附者。,KEEP
公与私的困境,下乡资本将土地、用工等视为市场契约下的私人事务，而村民视其为嵌入集体伦理的公共事务，引发产权认知与责任边界的深层分歧。,KEEP
李玉红,实证研究农村污染企业空间分布与扩张趋势的环境经济学学者,DELETE
县级政府,中国行政体系中的关键层级，兼具政策执行与资源分配权，对村庄能否获得发展性投资具有决定性影响。,KEEP
基层自治组织,指依法实行村民自治的村委会等组织，是农村公共事务与政策项目落地的执行主体和协调枢纽,KEEP
张林秀,中国农村发展研究领域知名学者，提出农村公共投资‘目标要素—需求要素’二分分析框架,DELETE
营业执照办理成本,个体工商户或企业申领营业执照所需支付的行政性费用，用以衡量地区营商环境便利度,KEEP
村干部选举开会次数,上级政府在村级组织换届选举期间召集村干部会议的频次，反映基层治理介入强度,KEEP
法定资本制,要求公司在设立时即确定并实缴/认缴最低限额注册资本的公司资本制度模式,KEEP
囚徒困境,博弈论经典模型，揭示个体理性可能导致集体非理性结果，凸显政府在建立信任与协调合作中的关键作用。,KEEP
加布里埃尔·阿尔蒙德,美国政治学家，政治文化研究奠基人，提出公民文化类型学，强调社会化对政治态度的塑造作用,KEEP
塞缪尔·亨廷顿,美国政治学家，文明冲突论提出者，主张文化传统是划分世界政治秩序的根本维度,KEEP
制度性力量,由法律法规、政策体系、组织架构与行政惯例构成的稳定约束与激励机制，具有权威性与路径依赖性。,KEEP
高排放行业,电力、钢铁、建材、化工等温室气体排放强度高的产业门类，是气候信息披露的重点监管对象。,KEEP
劳动力占比,家庭中劳动年龄人口占家庭总人口的比例，是衡量家庭劳动力供给能力的关键结构性变量。,KEEP
村庄地形,以是否为平地为二元分类变量，影响基础设施建设成本、产业布局可行性及人口集聚潜力。,KEEP
村庄面积,村庄行政管辖范围的土地总面积，取自然对数后作为控制变量，反映空间承载力与发展纵深。,KEEP
环保设施,指村庄配备的垃圾清运、污水处理等环境卫生基础设施，体现生态文明建设的基层落实能力。,KEEP
广州市番禺区,广东省广州市下辖区，城乡融合发展前沿地区，龙美村所在地，为观察规则嵌入与市场建构提供典型制度试验场域。,KEEP
广州市番禺区,广东省广州市市辖区，龙美村所属行政区，城乡融合发展的典型区域,KEEP
王敏,中共广东省委党校教育研究部研究人员，本文第二作者，聚焦农村社区治理实证分析,DELETE
贾鹏,本文第三作者，江苏大学管理学院研究者，参与工商资本下乡行为机制与财政矫正路径建模分析,DELETE
数据驱动型并购,以获取用户数据、算法能力或数据生态控制权为核心目标的并购行为，常伴随隐私侵蚀与竞争扭曲风险。,KEEP
垃圾倾倒权,村民在荒地、沟渠等非耕作边际空间倾倒生活垃圾的历史惯习，属社区产权中低制度化但高情境依赖的替代性公共物品安排,KEEP
八次危机: 中国的真实经验,温铁军2013年出版的代表作，以‘成本转嫁论’为分析框架，揭示中国历次经济危机如何通过向农村转嫁成本实现软着陆，强调三农问题的战略缓冲功能。,KEEP
闵继胜,南京林业大学副教授，研究新型农业组织对优质劳动力、土地、资金等要素配置的影响机制。,DELETE
杜志雄,中国社科院农村发展研究所研究员，主张‘新农人’作为农业现代化关键行动者，兼具技术能力与市场意识,DELETE
姜长云,中国著名农业经济学者，中国宏观经济研究院研究员，长期研究农民收入、乡村振兴与农业政策。,DELETE
苑鹏,中国社科院农村发展研究所研究员，提出‘公司+合作社+农户’框架下四种契约治理模式及其福利效应差异,DELETE
程莉,农业产业融合研究学者，系统梳理农村一二三产业融合发展的理论进展、实践形态与政策响应,DELETE
孙玉奎,农村金融学者，验证农村金融发展对农民收入增长存在显著正向影响及区域异质性特征,DELETE
仇童伟,农地产权制度改革研究者，揭示农地确权通过改善要素配置效率提升家庭农业收入的作用机制,DELETE
侯英,农户金融行为研究者，证实声誉机制与借贷可得性共同塑造农户信贷参与决策与行为选择,DELETE
张桂文,人力资本与产业结构耦合研究者，验证人力资本积累对农业转型升级具有先导性与支撑性作用,DELETE
徐旭初,浙江‘三位一体’综合合作实践主要阐释者，主张生产、供销、信用三大功能融合重构农村合作体系,DELETE
阿卜杜拉伊·a,发展经济学家，通过越南等地实证研究揭示土地产权稳定性对农户土地改良投资的因果效应,KEEP
克里斯托弗·纽曼,土地经济学研究者，验证联合地权登记制度通过降低交易成本与增强预期稳定性提升农业生产力,KEEP
资本投机化获利,资本绕过生产与流通环节，通过炒作农产品等商品价格短期套利，扰乱市场秩序并损害生产者与消费者福利。,KEEP
必要价值,等同于劳动力价值，指劳动者通过必要劳动所生产出的、用于自身再生产的那部分价值。,KEEP
余逊达,浙江大学公共管理学院教授，主编《参与式地方治理研究》，系统梳理中国基层参与式治理的制度条件与现实约束。,DELETE
嵌入关系,指外来资本通过文化认同、利益联结、关系网络与公共事务参与等方式深度融入乡土社会结构的过程与机制。,KEEP
高海珍,本文第二作者，西北农林科技大学人文社会发展学院研究人员，参与该田野调查与理论分析。,DELETE
湖南汨罗市s村,李俏、金星（2018）田野调查所在地，用以揭示资本下乡引发环境危机及农民应对困境。,KEEP
王淼,数字资本与政治经济学交叉领域青年学者，聚焦数字资本逻辑批判与社会主义规制路径。,DELETE
黄玮杰,《求索》期刊发表学者，从《资本论》出发分析数字经济中资本特性及其社会效应。,DELETE
大卫·哈维,美国马克思主义地理学家与社会理论家，以空间修复、时空压缩等理论深化资本矛盾分析。,KEEP
布莱恩·阿瑟,美国复杂性科学与技术经济学家，提出‘技术的本质’理论，为理解数字资本技术嵌入性提供方法论支撑。,KEEP
金星,本文第二作者，长期从事农村社会学与环境正义实证研究,DELETE
自然之友环境研究所,中国最早成立的民间环保组织之一，致力于环境教育、政策倡导与环境公益诉讼,KEEP
中国政法大学环境资源法研究与服务中心,依托高校法学资源设立的专业法律支持机构，为环境公益诉讼与公民维权提供法律援助,KEEP
苏州工业园区绿色江南公众环境关注中心,扎根长三角地区的 grassroots 环保组织，专注区域环境信息公开、企业排污监督与社区倡导,KEEP
环境监测,对环境中污染物浓度、生态指标及风险因子进行系统性观测、采样、分析与评估的技术与管理活动,KEEP
正当抗争,O'Brien与Li提出的理论概念，指民众援引国家政策、法律或意识形态话语，以‘合情合理合法’方式争取权益的策略性抗争行为,KEEP
孙明阳,本文作者之一，与陈柏峰合作研究资本下乡背景下农民土地权利保障问题,DELETE
本地居民,长期定居于某社区、拥有户籍或居住权的常住人口，其规范意识与治安评价构成社区治理效能的重要观测维度,KEEP
师徒制管理,将传统技艺传承机制转化为现代企业内部劳动控制工具，通过技术权威实现过程监督与行为规训,KEEP
高原,中国农业大学人文与发展学院副教授，研究小农发展路径、合作社实践与农业内生动力机制。,DELETE
分包经营,将农业生产环节按任务或地块外包给农户或小组的管理模式，通过利益绑定缓解雇工激励不足问题。,KEEP
苏中,江苏省中部地区，包括扬州、泰州、南通等地，处于苏南与苏北过渡带，农业与制造业并重。,DELETE
每车水15块钱,BL村村民向CZ村私人水井购买灌溉用水的市场价格，体现水资源商品化的成本转嫁机制,KEEP
赵刚,中国历史经济学者，研究聚焦于中国传统社会土地产权结构及其长时段演变,DELETE
榕珍菌业,战旗村省级农业产业化重点龙头企业，主营食用菌种植加工销售，体现农业现代化与产业化升级路径。,KEEP
需求优先导向,以农民实际生产生活需求为规划起点和调整依据，避免资本主导下的形式主义或过度商业化开发。,KEEP
务工就业,农户将劳动力转移至下乡企业就业的行为，是资本下乡带动非农收入增长和收入结构转型的主要机制。,KEEP
发展信心,农户对自身及村庄未来发展的乐观预期，受收入增加与环境改善正向影响，隶属度从0.511升至0.677。,KEEP
购买阶段,资本运动第一阶段，资本家以货币购买生产资料和劳动力，实现货币资本向生产资本的转化,KEEP
生产阶段,资本运动第二阶段，劳动力与生产资料结合进行生产，创造出包含剩余价值的新商品，实现生产资本向商品资本的转化,KEEP
售卖阶段,资本运动第三阶段，商品被销售并实现价值，完成剩余价值的现实化，商品资本重新转化为增殖后的货币资本,KEEP
大卫·李嘉图,英国古典政治经济学家，认为资本是‘国家财富中用于生产的部分’，提出‘资本是积累的劳动’，但未突破物化理解。,KEEP
庸俗经济学,19世纪后半叶取代古典政治经济学的资产阶级经济学，回避生产关系批判，将资本简化为中性生产要素，为资本主义制度辩护。,KEEP
西奥多·舒尔茨,美国经济学家，提出‘人力资本’理论，将知识与技能视为可增殖的生产要素，延续了资本作为物或资源的庸俗经济学传统。,KEEP
重商主义,15—17世纪西欧早期资本主义阶段的经济思想体系，将资本等同于货币，视财富为金银积累，关注流通领域而非生产过程。,KEEP
重农学派,18世纪法国古典政治经济学先驱，主张农业是唯一生产性部门，首次系统将资本定义为生产工具，推动研究重心转向生产领域。,KEEP
资本的消极作用,指资本逐利本性可能导致的垄断、剥削加剧、生态破坏、社会分化、金融风险累积等负面效应。,KEEP
李爱喜,本文作者，聚焦农村金融与社会资本交叉领域的青年学者，提出农户信用生成的内生性机制解释框架。,DELETE
陈晶萍,本文第二作者，中国人民大学财政金融学院学者，研究方向为农村金融与信贷行为,DELETE
甄明昊,本文第三作者，参与农户信用与社会资本实证研究,DELETE
信度分析,评估测量工具内部一致性与稳定性的统计过程，常用Cronbach's α系数与CITC值判断题项质量,KEEP
浙江小农户,本文实证研究的样本主体，代表东部发达地区市场化程度较高、社会网络活跃的小规模农业经营主体,KEEP
毛李镇坪村,S县下辖村庄，户均土地资源丰富，形成‘小农户+中农’并存的农业经营格局，是农户主导流转的微观典型案例,KEEP
马某,S县李镇57岁农民，经营90亩水稻田，配备机械化设备并坚持亲力亲为田间管理，代表‘中农’家庭经营实践主体,DELETE
农户主导型模式,以家庭承包经营为基础、突出普通农户在农业生产决策、收益分配和组织治理中主体地位的发展路径。,KEEP
农业政治基础,指农民作为国家政权在农村的阶级基础与社会支柱，其土地权益与政治参与构成执政合法性的关键来源。,KEEP
花镇,Y县下辖乡镇，曾以动员农民发展柑橘产业，后转向资本主导的三产融合实践，体现乡村产业治理逻辑变迁。,DELETE
固定分红,村集体以入股形式参与工商资本项目后获得的保底性收益分配方式，旨在规避经营风险、保障集体收入稳定性。,KEEP
山林资源,归农村集体经济组织所有的未承包山地林地，具有生态与经济双重价值，是工商资本低成本获取公共资源发展新业态的重要依托。,KEEP
全员生产效率,衡量农业全要素投入产出水平的核心指标，反映劳动力、土地、资本等综合使用效率。,KEEP
抛荒率近80%,P村2010年后耕地抛荒比例，反映农户务农意愿衰退与土地利用低效，构成资本低成本流转土地的前提条件。,KEEP
项目包干制,基层政府将自上而下的项目资金、审批、验收等权限整体打包交由公司操作的治理机制，构成权力下放与利益让渡的制度安排。,KEEP
资源俘获,资本通过政商合谋、身份重叠、精英吸纳等方式，将自上而下的财政项目资源、内生土地资源乃至村级组织本身纳入公司化运作体系。,KEEP
权力—利益垄断秩序,资本通过吸纳精英、替代村组织、排斥普通村民所建构的排他性分配结构，其核心是私人资本对公共资源增值收益的独占。,KEEP
家庭向上流动诉求,农民将务工收入用于子女教育、购房建房等代际跃升目标，导致其对村庄公共事务漠视，强化资本治理的社会接受度。,KEEP
历史资本观,将资本置于人类社会发展阶段中理解，承认其在社会主义初级阶段的历史合理性与阶段性使命。,KEEP
五反斗争,1952年开展的反对行贿、偷税漏税、盗骗国家财产、偷工减料、盗窃国家经济情报的政治运动，巩固工人阶级领导权。,KEEP
资本的历史逻辑,指资本在不同社会形态中产生、发展与变革的客观历史进程，须置于社会主义初级阶段具体条件中理解。,KEEP
中小股东保护,通过法律、监管、市场机制及非正式制度保障中小股东知情权、收益权与监督权的制度安排,KEEP
单位社会团体数量,省级行政区每万人拥有的社会组织数量，反映社会关系网络的组织化程度,KEEP
tun比率,上市公司其他应收款占期初总资产比例，用以量化非经营性资金占用程度即掏空行为,KEEP
省级政府管理效能排行榜,《管理观察》杂志发布的省级政府效率评估报告，用于衡量政府工作效率,KEEP
关联销售,上市公司向关联方销售商品或服务的交易，属于支持行为的一种表现形式,KEEP
关联购买,上市公司向关联方采购商品或服务的交易，常与掏空行为正相关,KEEP
市净率,公司市值与账面净资产之比，衡量市场估值与成长预期,DELETE
自耕小农,以家庭为单位、自主经营承包地并承担全部生产决策与风险的传统农业主体,KEEP
企业理论与中国企业改革,张维迎1999年出版的理论著作，运用现代企业理论分析中国国企改革路径与逻辑,KEEP
管理学,徐国华等编著、清华大学出版社2003年出版的管理学教材，系统介绍法约尔等经典管理理论,DELETE
独资或控股投资,城市投资者在农村企业中拥有全部或绝对控股权的投资形态，反映资本主导型下乡模式。,KEEP
irls回归,迭代再加权最小二乘法，通过伪值法估计标准误，不依赖正态性假设，是本研究采用的三种稳健计量方法之一。,KEEP
生计,农户为满足基本生存与发展需求所采取的一系列经济活动与资源组合策略，具有性别化、家庭本位和结构性特征。,DELETE
缺席领导权,指丈夫长期外出务工背景下，留守妇女在家庭农业生产决策、资源调配及劳动组织中实际获得的临时性主导权力。,KEEP
唐惠敏,研究村企合作生成逻辑、政策需求与理想类型的学者，强调制度适配与多元治理结构设计。,DELETE
丁波,探讨资本下乡中村企合作治理逻辑与运行机制的农村经济研究者，关注契约执行与权力平衡问题。,DELETE
林秋香,与陆继霞合作开展村企合作民族志研究的学者，关注边疆民族地区村企互动的文化适配性。,DELETE
稳健性标准误,对异方差不敏感的标准误估计方法，用于提高回归系数显著性检验的可靠性。,KEEP
农户,中国农村以家庭为单位的基本生产经营和社会生活单元，兼具生产、消费与社会保障功能。,DELETE
李恒,研究中国农村家庭社会资本结构与绩效的学者，关注其对收入、健康与信贷行为的影响。,DELETE
熊学萍,聚焦农户金融信用评价与征信制度建设，探索基于社会资本的农村信用识别机制。,DELETE
