identity,fam_type,hh_size,gender,birth_ym,edu,politics,village_duty,hukou,employment,nonfarm_type,nonfarm_income,cult_area,own_area,transfer_in_area,transfer_out_area,reclaim_area,basic_farm_area,paddy_area,plain_area,terrace_area,irrigable_area,dryland_area,n_parcels,land_alloc_year,n_member_land,adj_willing,adj_direction,adj_why_open,adj_unwill_open,out_area,out_year,out_reason,out_to_whom,out_irrigable,out_slope,out_info_ch,out_contract,out_contract_party,out_rent_term_set,out_rent_term,out_rent_type,out_cash_rent,out_rent_schedule,out_rent_pay,out_kind_type,out_kind_qty,in_area,in_year,in_reason,in_reason_r1,in_reason_r2,in_reason_r3,in_reason_r4,in_reason_r5,in_gross_income,in_contiguous,in_irrigable,in_slope,in_info_ch,in_info_ch_r1,in_info_ch_r2,in_info_ch_r3,in_info_ch_r4,in_info_ch_r5,in_info_ch_r6,in_info_ch_r7,in_info_ch_r8,in_contract,in_contract_party,in_contract_party_r1,in_contract_party_r2,in_contract_party_r3,in_contract_party_r4,in_rent_term_set,in_rent_term,in_rent_type,in_cash_rent,in_rent_schedule,in_rent_pay,in_kind_type,in_kind_qty,in_crop_type,crops_all,crops_grain,crops_self,sown_area,soil_type,land_grade,land_grade_r1,land_grade_r2,land_grade_r3,land_grade_r4,till_method,till_method_r1,till_method_r2,till_method_r3,till_method_r4,till_method_r5,till_method_r6,mech_service,mech_service_r1,mech_service_r2,mech_service_r3,mech_service_r4,mech_service_r5,mech_service_r6,mech_service_r7,mech_service_cost,hire_cost,hire_source,hire_pay_type,avg_yield,total_yield,tech_need,tech_need_type,tech_train,tech_train_source,tech_train_source_r1,tech_train_source_r2,tech_train_source_r3,tech_train_source_r4,tech_train_source_r5,disaster_5y,disaster_type,disaster_type_r1,disaster_type_r2,disaster_type_r3,disaster_type_r4,disaster_type_r5,disaster_type_r6,disaster_loss_pct,disaster_affect,disaster_effect,disaster_effect_r1,disaster_effect_r2,disaster_effect_r3,disaster_effect_r4,gov_help,gov_help_type,ins_buy,ins_way,ins_amount_per_mu,ins_subsidy,ins_subsidy_amt,ins_subsidy_sat,ins_claim_sat,ins_claim_un_sat,ins_no_reason,ins_future,water_sat,water_problem,irrig_eq_use,irrig_eq_type,irrig_eq_get,irrig_eq_get_r1,irrig_eq_get_r2,irrig_eq_get_r3,irrig_eq_get_r4,irrig_eq_get_r5,irrig_conv,irrig_boost,mech_eq_use,mech_eq_get,mech_eq_get_r1,mech_eq_get_r2,mech_eq_get_r3,mech_eq_get_r4,mech_eq_get_r5,mech_conv,mech_conv_r1,mech_conv_r2,mech_conv_r3,mech_conv_r4,mech_conv_r5,mech_conv_r6,mech_boost,road_problem,road_problem_r1,road_problem_r2,road_problem_r3,road_problem_r4,road_problem_r5,process_do,process_purpose,process_cost,process_place,process_subsidy,process_subsidy_amt,process_sat,process_un_sat,process_price_pre,process_price_post,process_price_sat,brand_exist,brand_how,brand_benefit,brand_benefit_r1,brand_benefit_r2,brand_benefit_r3,brand_benefit_r4,brand_benefit_r5,brand_std_will,brand_std_unwill,brand_boost,sales_channel,ecom_aware,ecom_sell,ecom_benefit,ecom_problem,input_buy,input_buy_r1,input_buy_r2,input_buy_r3,input_buy_r4,input_buy_r5,input_buy_r6,input_cost,input_cost_share,input_heavy,input_heavy_share,input_burden,input_channel,input_channel_why,input_conv,subsidy_get,subsidy_type,subsidy_per_mu,subsidy_total,subsidy_sat,subsidy_problem,subsidy_boost,subsidy_info_ch,subsidy_reduce_abandon,subsidy_no_reason,farm_reason,farm_reason_r1,farm_reason_r2,farm_reason_r3,farm_reason_r4,farm_reason_r5,farm_reason_r6,farm_reason_r7,own_abandon,own_abandon_reason,own_abandon_reason_r1,own_abandon_reason_r2,own_abandon_reason_r3,own_abandon_reason_r4,own_abandon_reason_r5,own_abandon_reason_r6,village_abandon,village_abandon_reason,village_abandon_reason_r1,village_abandon_reason_r2,village_abandon_reason_r3,village_abandon_reason_r4,village_abandon_reason_r5,village_abandon_reason_r6,village_abandon_reason_r7,village_abandon_reason_r8,continue_will,continue_will_why,prospect_view,prospect_why,village_motive_change,motive_change_why,abandon_right_will,abandon_right_why
1,6,6,1,195510,1,1,1,1,1,2,11672,0,0,0,0,0,1.4,3.3,26.6,34.0,49.8,22.3,4,24.0,29.6,4,-99,担心政策变化,种粮补贴较稳定,-99,-99,-99,-99,-99,-99,-99,-99,-99,-99,-99,-99,-99,-99,-99,-99,-99,-99,-99,-99,,,,,,-99,-99,-99,-99,-99,,,,,,,,,-99,-99,,,,,-99,-99,-99,-99,-99,-99,-99,-99,-99,担心政策变化,流转给合作社统一经营,流转给合作社统一经营,40.3,3,,1,0,0,1,,1,0,0,1,0,1,,0,0,0,0,0,0,1,31.1,33.8,6,4,32.3,43.9,2,-99,1,,0,0,1,1,0,1,,0,1,0,0,0,0,35.9,1,,1,0,1,0,1,4,2,-99,-99,-99,-99,-99,-99,-99,1,"自家食用为主, 剩余出售",3,1,2,1,,1,1,0,1,0,1,6,2,,1,0,0,0,0,,0,0,1,0,0,0,2,,0,1,0,0,0,2,2,22.5,1,2,-99,4,5,46.8,31.6,3,2,-99,-99,,,,,,2,1,4,5,1,1,1,2,,0,0,0,1,0,0,18.0,18.7,3,32.6,5,5,1,2,2,-99,-99,-99,-99,-99,-99,-99,-99,2,,0,1,0,0,1,0,1,2,-99,,,,,,,1,,1,0,1,0,0,0,0,0,5,"自家食用为主, 剩余出售",3,种粮补贴较稳定,4,种粮补贴较稳定,5,担心政策变化
1,6,3,1,195506,1,1,1,4,1,3,4046,32.9,15.0,17.9,0,0,12.1,33.1,36.2,25.5,16.2,4.0,2,46.6,10.2,99,-99,种粮补贴较稳定,担心政策变化,-99,-99,-99,-99,-99,-99,-99,-99,-99,-99,-99,-99,-99,-99,-99,-99,-99,46.7,7.4,,0,1,1,0,1,12.9,1,2,2,,0,0,1,0,0,1,0,0,1,,0,0,1,1,1,29.7,1,43.0,2,2,种粮补贴较稳定,37.1,1,担心政策变化,"外出务工, 家中老人耕种",担心政策变化,25.6,5,,1,1,0,1,,1,0,0,0,1,0,,0,0,1,1,1,0,0,14.6,15.7,5,1,42.5,7.5,2,-99,2,-99,,,,,,2,-99,,,,,,,-99,-99,-99,,,,,-99,-99,1,2,24.6,2,21.4,1,1,1,-99,-99,5,2,1,2,,0,1,1,0,1,1,3,1,,1,0,1,0,1,,0,1,1,0,1,0,5,,1,1,0,1,0,1,1,34.7,3,1,-99,4,3,12.3,48.8,3,1,3,,0,0,1,0,0,2,-99,-99,3,2,2,2,6,,0,0,1,0,0,0,30.1,5.1,3,7.0,2,1,7,4,1,6,46.0,38.8,5,4,2,6,1,-99,,1,0,0,0,1,0,0,2,-99,,,,,,,1,,0,1,0,0,0,0,0,0,1,担心政策变化,2,"自家食用为主, 剩余出售",5,"外出务工, 家中老人耕种",2,流转给合作社统一经营
1,6,6,1,197205,2,1,1,1,1,2,8603,5.9,15.0,0,9.1,0,45.5,37.9,38.9,45.5,23.9,46.1,8,42.2,19.6,5,-99,担心政策变化,流转给合作社统一经营,20.6,42.6,1,3,1,1,8,1,2,1,14.1,4,19.1,1,3,"自家食用为主, 剩余出售",17.1,-99,-99,-99,,,,,,-99,-99,-99,-99,-99,,,,,,,,,-99,-99,,,,,-99,-99,-99,-99,-99,-99,-99,-99,-99,流转给合作社统一经营,种粮补贴较稳定,流转给合作社统一经营,25.8,1,,0,1,0,1,,0,1,0,0,0,0,,1,0,0,1,0,0,0,29.3,39.8,3,3,8.5,49.8,1,2,2,-99,,,,,,2,-99,,,,,,,-99,-99,-99,,,,,-99,-99,2,-99,-99,-99,-99,-99,-99,-99,4,种粮补贴较稳定,4,2,2,1,,1,0,0,0,0,3,4,1,,1,0,1,1,0,,0,1,1,0,1,0,1,,0,0,0,1,1,2,1,39.8,3,1,-99,4,1,31.6,24.9,3,3,-99,-99,,,,,,1,3,5,3,3,2,5,3,,0,0,1,1,0,0,14.8,33.4,2,35.5,3,7,3,5,3,-99,-99,-99,-99,-99,-99,-99,-99,2,,0,0,0,1,1,0,1,2,-99,,,,,,,1,,1,1,0,1,0,0,0,0,2,种粮补贴较稳定,4,"外出务工, 家中老人耕种",5,"外出务工, 家中老人耕种",2,"外出务工, 家中老人耕种"
3,6,6,1,195602,1,1,1,1,7,3,8346,12.8,12.8,0,0,0,8.1,9.2,5.0,16.0,41.5,1.6,3,35.0,2.3,4,-99,种粮补贴较稳定,"自家食用为主, 剩余出售",-99,-99,-99,-99,-99,-99,-99,-99,-99,-99,-99,-99,-99,-99,-99,-99,-99,-99,-99,-99,,,,,,-99,-99,-99,-99,-99,,,,,,,,,-99,-99,,,,,-99,-99,-99,-99,-99,-99,-99,-99,-99,种粮补贴较稳定,担心政策变化,种粮补贴较稳定,2.4,5,,1,1,1,0,,1,0,0,0,0,0,,0,0,0,1,0,1,0,-99,31.5,1,4,19.3,24.7,2,-99,2,-99,,,,,,2,-99,,,,,,,-99,-99,-99,,,,,-99,-99,2,-99,-99,-99,-99,-99,-99,-99,2,担心政策变化,6,2,2,4,,0,0,0,0,1,3,1,2,,1,0,1,0,1,,0,0,0,0,0,1,6,,0,1,0,1,0,1,2,27.2,3,2,38.7,4,3,27.6,49.1,5,3,-99,-99,,,,,,1,2,3,2,2,2,4,6,,0,0,1,0,0,0,27.5,28.5,2,44.4,1,3,4,2,2,-99,-99,-99,-99,-99,-99,-99,-99,3,,0,1,1,0,0,1,0,2,-99,,,,,,,2,-99,,,,,,,,,3,"自家食用为主, 剩余出售",5,流转给合作社统一经营,2,"外出务工, 家中老人耕种",2,担心政策变化
2,6,6,2,198805,6,2,1,1,7,2,928,35.4,15.5,19.9,0,0,44.0,18.4,20.1,43.3,47.5,35.9,7,38.6,46.3,4,-99,流转给合作社统一经营,担心政策变化,-99,-99,-99,-99,-99,-99,-99,-99,-99,-99,-99,-99,-99,-99,-99,-99,-99,42.9,45.1,,1,1,0,0,0,24.1,2,1,3,,0,0,0,1,0,0,1,0,1,,1,1,0,0,2,45.3,3,8.2,1,4,担心政策变化,9.2,1,担心政策变化,种粮补贴较稳定,"自家食用为主, 剩余出售",48.5,3,,0,0,1,0,,0,1,0,0,1,1,,0,0,1,0,0,0,0,45.1,24.8,1,2,40.6,11.1,2,-99,2,-99,,,,,,2,-99,,,,,,,-99,-99,-99,,,,,-99,-99,2,-99,-99,-99,-99,-99,-99,-99,1,流转给合作社统一经营,6,3,1,1,,0,0,0,1,0,4,5,2,,1,0,0,0,0,,1,0,1,1,0,0,3,,0,0,1,0,0,1,3,23.1,1,2,-99,4,3,3.9,15.4,4,2,-99,-99,,,,,,2,1,3,1,3,2,5,6,,0,0,0,0,1,0,34.5,12.0,3,10.8,3,3,5,1,1,4,4.9,38.1,3,3,3,4,1,-99,,0,0,1,0,0,0,1,2,-99,,,,,,,2,-99,,,,,,,,,2,流转给合作社统一经营,4,担心政策变化,3,流转给合作社统一经营,2,"外出务工, 家中老人耕种"
2,1,6,1,199402,7,1,1,3,1,1,6941,7.9,7.9,0,0,0,4.2,26.6,31.4,5.4,16.3,38.7,8,2.6,34.8,3,-99,种粮补贴较稳定,担心政策变化,-99,-99,-99,-99,-99,-99,-99,-99,-99,-99,-99,-99,-99,-99,-99,-99,-99,-99,-99,-99,,,,,,-99,-99,-99,-99,-99,,,,,,,,,-99,-99,,,,,-99,-99,-99,-99,-99,-99,-99,-99,-99,担心政策变化,"自家食用为主, 剩余出售",流转给合作社统一经营,18.8,5,,0,1,0,0,,0,1,1,0,0,1,,0,0,0,1,0,0,0,28.3,3.7,5,2,36.2,17.9,2,-99,2,-99,,,,,,1,,0,0,0,1,0,0,5.4,1,,0,1,1,0,2,2,1,3,30.6,1,23.7,2,2,2,-99,-99,6,3,1,1,,0,1,0,1,0,4,5,1,,0,1,0,0,1,,0,1,1,0,0,1,2,,0,0,1,0,0,1,3,24.9,2,1,-99,2,3,32.8,16.1,4,1,4,,0,1,1,0,1,2,-99,-99,4,2,2,5,5,,0,1,0,1,0,0,28.4,45.0,1,24.6,1,5,5,5,2,-99,-99,-99,-99,-99,-99,-99,-99,1,,1,0,0,0,0,0,0,2,-99,,,,,,,1,,1,1,0,0,0,1,0,0,2,"外出务工, 家中老人耕种",2,"自家食用为主, 剩余出售",3,"外出务工, 家中老人耕种",1,"自家食用为主, 剩余出售"
1,4,4,2,197910,5,1,1,1,1,3,4058,0.3,0.3,0,0,0,21.3,31.7,26.0,28.8,11.8,10.4,8,38.0,38.3,5,-99,担心政策变化,"外出务工, 家中老人耕种",-99,-99,-99,-99,-99,-99,-99,-99,-99,-99,-99,-99,-99,-99,-99,-99,-99,-99,-99,-99,,,,,,-99,-99,-99,-99,-99,,,,,,,,,-99,-99,,,,,-99,-99,-99,-99,-99,-99,-99,-99,-99,担心政策变化,"外出务工, 家中老人耕种",种粮补贴较稳定,16.5,3,,0,1,1,1,,0,0,0,1,0,1,,0,0,1,0,0,0,1,5.1,22.9,2,1,36.8,30.5,2,-99,2,-99,,,,,,1,,0,0,0,1,0,0,16.8,2,,0,1,0,1,2,1,2,-99,-99,-99,-99,-99,-99,-99,2,担心政策变化,2,4,2,1,,0,1,0,0,0,4,2,1,,0,0,1,0,0,,0,0,0,1,1,0,5,,1,0,0,0,1,1,3,21.2,3,2,-99,4,4,6.6,13.0,2,1,3,,0,1,0,1,1,2,-99,-99,7,2,1,5,3,,0,1,0,0,0,0,13.9,5.4,4,44.8,1,5,2,3,2,-99,-99,-99,-99,-99,-99,-99,-99,3,,0,1,0,0,0,0,1,1,,1,0,1,0,0,1,1,,0,0,0,0,0,1,0,0,3,担心政策变化,1,种粮补贴较稳定,1,"外出务工, 家中老人耕种",4,"外出务工, 家中老人耕种"
6,1,4,2,199310,7,3,5,4,3,3,23227,4.6,4.6,0,0,0,33.8,44.4,21.1,44.2,37.4,38.8,2,14.1,33.1,3,-99,"外出务工, 家中老人耕种",担心政策变化,-99,-99,-99,-99,-99,-99,-99,-99,-99,-99,-99,-99,-99,-99,-99,-99,-99,-99,-99,-99,,,,,,-99,-99,-99,-99,-99,,,,,,,,,-99,-99,,,,,-99,-99,-99,-99,-99,-99,-99,-99,-99,"自家食用为主, 剩余出售","外出务工, 家中老人耕种",流转给合作社统一经营,35.6,4,,1,0,0,1,,0,1,0,1,1,0,,0,1,0,0,0,0,0,28.6,29.1,2,4,11.1,34.1,2,-99,2,-99,,,,,,2,-99,,,,,,,-99,-99,-99,,,,,-99,-99,1,2,43.9,2,28.3,1,3,4,-99,-99,6,3,1,3,,0,1,1,0,0,3,3,1,,1,0,1,1,0,,1,1,1,0,0,0,2,,0,0,0,0,1,2,2,33.0,2,1,-99,4,4,18.1,27.1,5,3,-99,-99,,,,,,1,2,5,5,1,2,2,2,,0,0,0,0,1,0,32.2,2.3,5,16.1,1,1,3,4,2,-99,-99,-99,-99,-99,-99,-99,-99,3,,0,0,0,0,0,1,0,2,-99,,,,,,,1,,0,0,0,1,0,1,0,0,2,流转给合作社统一经营,2,种粮补贴较稳定,2,"自家食用为主, 剩余出售",4,"自家食用为主, 剩余出售"
1,2,5,1,196309,1,3,1,2,3,3,22438,3.0,18.7,0,15.7,0,26.3,23.3,42.6,3.5,7.7,1.7,8,44.2,33.0,4,-99,"外出务工, 家中老人耕种","自家食用为主, 剩余出售",13.2,27.2,6,6,2,1,4,1,2,2,29.9,5,40.6,2,3,"外出务工, 家中老人耕种",3.6,-99,-99,-99,,,,,,-99,-99,-99,-99,-99,,,,,,,,,-99,-99,,,,,-99,-99,-99,-99,-99,-99,-99,-99,-99,"自家食用为主, 剩余出售",种粮补贴较稳定,"外出务工, 家中老人耕种",41.3,2,,1,0,0,0,,1,0,0,0,0,0,,0,0,0,1,0,0,1,-99,23.1,3,1,7.0,4.8,2,-99,1,,1,0,1,0,1,2,-99,,,,,,,-99,-99,-99,,,,,-99,-99,1,1,2.7,1,39.6,2,3,4,-99,-99,5,4,1,1,,0,0,1,0,0,1,1,2,,0,0,1,0,1,,1,1,0,0,0,1,6,,0,1,0,1,0,1,1,18.9,4,2,49.1,2,5,44.5,4.0,1,1,1,,0,0,0,1,0,1,-99,-99,6,2,2,6,6,,0,1,0,0,0,1,10.2,32.1,4,31.4,5,6,2,3,1,7,17.9,29.2,5,2,2,5,3,-99,,0,0,0,0,0,1,0,2,-99,,,,,,,1,,0,0,0,0,0,1,0,0,5,担心政策变化,3,流转给合作社统一经营,2,流转给合作社统一经营,5,流转给合作社统一经营
1,5,3,2,195706,1,4,1,1,7,2,5188,4.9,14.0,0,9.1,0,33.5,37.6,49.6,6.5,1.2,3.1,9,12.3,25.4,4,-99,"外出务工, 家中老人耕种",担心政策变化,36.5,24.1,4,2,2,2,3,1,1,1,7.7,3,33.8,1,3,种粮补贴较稳定,25.1,-99,-99,-99,,,,,,-99,-99,-99,-99,-99,,,,,,,,,-99,-99,,,,,-99,-99,-99,-99,-99,-99,-99,-99,-99,担心政策变化,流转给合作社统一经营,"外出务工, 家中老人耕种",47.0,3,,0,0,1,0,,1,0,0,0,1,0,,0,0,0,1,0,1,0,-99,35.1,4,2,42.5,24.3,2,-99,1,,1,0,0,0,0,2,-99,,,,,,,-99,-99,-99,,,,,-99,-99,2,-99,-99,-99,-99,-99,-99,-99,6,"外出务工, 家中老人耕种",6,4,2,2,,0,1,0,0,0,4,6,2,,0,0,0,1,0,,0,1,0,1,0,0,1,,1,1,1,0,0,3,-99,-99,-99,-99,-99,-99,-99,-99,-99,-99,2,-99,-99,,,,,,2,1,1,5,3,2,3,2,,0,1,1,0,0,0,31.0,45.6,1,24.9,1,4,2,5,1,1,7.6,46.5,4,1,1,6,2,-99,,0,1,0,0,0,0,1,2,-99,,,,,,,2,-99,,,,,,,,,5,"外出务工, 家中老人耕种",2,"外出务工, 家中老人耕种",5,担心政策变化,4,流转给合作社统一经营
2,5,3,1,196707,3,1,3,1,3,2,42430,5.9,15.1,0,9.2,0,40.9,49.3,11.1,41.0,16.4,42.8,8,18.7,49.3,4,-99,担心政策变化,"外出务工, 家中老人耕种",9.6,7.7,5,4,2,3,5,1,2,1,1.6,2,19.7,2,4,"外出务工, 家中老人耕种",10.6,-99,-99,-99,,,,,,-99,-99,-99,-99,-99,,,,,,,,,-99,-99,,,,,-99,-99,-99,-99,-99,-99,-99,-99,-99,流转给合作社统一经营,种粮补贴较稳定,担心政策变化,39.5,5,,0,1,1,1,,1,0,0,0,1,1,,0,0,0,1,0,0,0,-99,37.4,4,4,40.0,37.4,1,5,2,-99,,,,,,2,-99,,,,,,,-99,-99,-99,,,,,-99,-99,1,4,32.9,3,11.7,4,1,4,-99,-99,1,4,2,2,,0,0,0,1,0,2,3,2,,1,0,0,1,1,,1,1,0,0,0,0,3,,0,1,0,0,0,2,1,49.3,3,1,10.4,3,1,8.9,50.0,5,2,-99,-99,,,,,,1,4,3,3,2,2,4,5,,1,1,1,0,0,0,1.9,14.1,3,7.8,1,6,4,3,1,8,24.7,48.6,1,1,3,3,3,-99,,1,0,0,1,0,0,0,2,-99,,,,,,,2,-99,,,,,,,,,5,"外出务工, 家中老人耕种",1,"自家食用为主, 剩余出售",4,种粮补贴较稳定,3,担心政策变化
1,5,5,1,196703,3,1,1,1,1,2,4914,8.6,4.1,4.5,0,0,2.0,4.6,25.0,46.3,4.1,37.7,7,3.0,17.3,4,-99,种粮补贴较稳定,担心政策变化,-99,-99,-99,-99,-99,-99,-99,-99,-99,-99,-99,-99,-99,-99,-99,-99,-99,10.5,40.8,,0,0,0,1,1,35.6,2,1,2,,0,0,0,1,0,0,0,0,2,,1,0,0,0,1,34.4,6,27.8,2,4,"外出务工, 家中老人耕种",22.0,3,种粮补贴较稳定,种粮补贴较稳定,担心政策变化,46.7,5,,0,1,0,0,,0,0,0,1,0,1,,0,1,0,1,0,0,0,8.2,8.0,6,2,28.2,42.5,2,-99,2,-99,,,,,,2,-99,,,,,,,-99,-99,-99,,,,,-99,-99,1,3,36.9,2,38.8,4,2,2,-99,-99,5,2,1,1,,1,0,1,0,1,1,5,1,,1,0,0,0,0,,0,1,1,0,0,0,2,,1,0,0,1,0,3,-99,-99,-99,-99,-99,-99,-99,-99,-99,-99,2,-99,-99,,,,,,2,1,1,6,2,1,5,3,,1,0,0,0,0,0,17.8,10.4,3,37.8,3,2,5,2,1,7,32.4,39.0,3,1,2,6,3,-99,,1,0,0,1,0,0,0,2,-99,,,,,,,2,-99,,,,,,,,,1,"外出务工, 家中老人耕种",4,"外出务工, 家中老人耕种",3,流转给合作社统一经营,3,流转给合作社统一经营
1,1,4,2,197502,3,3,1,3,5,1,5181,0.1,0.1,0,0,0,28.3,38.3,36.0,39.4,23.1,7.3,5,5.2,45.1,5,-99,流转给合作社统一经营,种粮补贴较稳定,-99,-99,-99,-99,-99,-99,-99,-99,-99,-99,-99,-99,-99,-99,-99,-99,-99,-99,-99,-99,,,,,,-99,-99,-99,-99,-99,,,,,,,,,-99,-99,,,,,-99,-99,-99,-99,-99,-99,-99,-99,-99,流转给合作社统一经营,流转给合作社统一经营,"外出务工, 家中老人耕种",18.5,2,,1,0,0,0,,0,0,1,1,0,0,,0,0,0,0,1,0,1,-99,15.0,1,2,41.0,21.5,1,1,1,,0,1,0,0,0,1,,0,0,0,0,0,1,10.2,1,,0,0,1,0,1,2,2,-99,-99,-99,-99,-99,-99,-99,3,种粮补贴较稳定,3,1,2,4,,1,0,0,0,1,4,6,2,,1,0,0,0,0,,1,0,1,0,1,0,5,,0,1,1,1,0,3,-99,-99,-99,-99,-99,-99,-99,-99,-99,-99,2,-99,-99,,,,,,1,4,4,5,2,2,1,3,,1,0,0,1,1,0,9.5,20.5,4,11.1,2,6,6,3,2,-99,-99,-99,-99,-99,-99,-99,-99,2,,1,0,0,0,0,1,0,2,-99,,,,,,,1,,0,1,0,0,1,0,1,0,4,种粮补贴较稳定,3,种粮补贴较稳定,4,担心政策变化,4,"自家食用为主, 剩余出售"
1,4,6,1,197302,4,1,1,1,3,2,42552,8.9,8.9,0,0,0,44.0,13.9,5.0,12.5,18.8,27.5,3,35.7,16.0,5,-99,担心政策变化,种粮补贴较稳定,-99,-99,-99,-99,-99,-99,-99,-99,-99,-99,-99,-99,-99,-99,-99,-99,-99,-99,-99,-99,,,,,,-99,-99,-99,-99,-99,,,,,,,,,-99,-99,,,,,-99,-99,-99,-99,-99,-99,-99,-99,-99,流转给合作社统一经营,流转给合作社统一经营,担心政策变化,24.6,5,,0,0,0,1,,0,0,1,0,1,1,,1,0,0,0,0,1,0,-99,23.9,2,4,38.7,40.2,1,7,1,,1,0,0,1,0,2,-99,,,,,,,-99,-99,-99,,,,,-99,-99,2,-99,-99,-99,-99,-99,-99,-99,5,"外出务工, 家中老人耕种",6,4,1,3,,0,0,0,1,0,2,3,1,,0,1,1,1,0,,1,0,1,0,0,0,1,,1,0,0,0,1,3,-99,-99,-99,-99,-99,-99,-99,-99,-99,-99,1,1,,1,1,1,0,0,1,-99,-99,5,3,2,5,1,,1,0,0,0,0,0,13.2,1.7,5,15.7,1,6,4,4,2,-99,-99,-99,-99,-99,-99,-99,-99,1,,0,0,0,0,0,0,1,2,-99,,,,,,,2,-99,,,,,,,,,4,担心政策变化,5,担心政策变化,5,"自家食用为主, 剩余出售",1,种粮补贴较稳定
3,5,2,1,197511,3,2,1,2,2,2,17766,9.9,9.9,0,0,0,48.0,27.2,39.3,5.4,43.8,23.1,5,17.3,8.0,4,-99,担心政策变化,"自家食用为主, 剩余出售",-99,-99,-99,-99,-99,-99,-99,-99,-99,-99,-99,-99,-99,-99,-99,-99,-99,-99,-99,-99,,,,,,-99,-99,-99,-99,-99,,,,,,,,,-99,-99,,,,,-99,-99,-99,-99,-99,-99,-99,-99,-99,"自家食用为主, 剩余出售",担心政策变化,"外出务工, 家中老人耕种",26.1,5,,0,0,0,1,,0,1,0,0,0,0,,0,0,0,0,0,1,1,-99,35.2,2,2,6.6,7.0,1,4,2,-99,,,,,,1,,0,1,0,0,0,0,30.1,2,,0,0,1,0,1,1,2,-99,-99,-99,-99,-99,-99,-99,1,流转给合作社统一经营,3,2,2,4,,0,0,1,1,0,2,5,2,,0,0,1,0,0,,1,0,0,0,1,0,1,,0,0,0,1,0,2,2,7.3,1,2,24.2,1,6,36.6,9.5,3,3,-99,-99,,,,,,1,3,4,7,2,1,1,2,,0,1,0,0,0,0,22.7,47.7,4,3.7,2,7,4,3,2,-99,-99,-99,-99,-99,-99,-99,-99,2,,1,0,0,0,0,1,1,1,,1,1,0,0,0,0,2,-99,,,,,,,,,5,"外出务工, 家中老人耕种",5,种粮补贴较稳定,4,担心政策变化,4,担心政策变化
1,6,6,1,195404,1,1,1,1,3,3,48450,29.7,11.2,18.5,0,0,31.2,49.3,27.7,26.5,8.5,12.4,5,42.0,28.8,5,-99,"外出务工, 家中老人耕种","自家食用为主, 剩余出售",-99,-99,-99,-99,-99,-99,-99,-99,-99,-99,-99,-99,-99,-99,-99,-99,-99,43.3,49.6,,1,1,0,0,1,17.0,1,1,1,,0,0,1,0,0,1,0,1,2,,1,0,0,0,2,48.0,5,48.9,1,2,"外出务工, 家中老人耕种",10.0,3,"外出务工, 家中老人耕种","自家食用为主, 剩余出售",种粮补贴较稳定,19.1,5,,0,1,0,0,,1,1,0,1,0,0,,0,0,0,1,0,0,0,12.6,10.9,5,4,13.9,20.7,2,-99,1,,1,0,0,1,0,1,,1,0,0,0,0,0,40.4,1,,0,1,0,0,1,2,2,-99,-99,-99,-99,-99,-99,-99,2,"外出务工, 家中老人耕种",3,4,2,1,,0,1,1,1,0,3,4,1,,0,0,0,1,0,,0,1,1,1,0,0,5,,1,0,1,0,0,1,3,49.4,4,2,-99,2,6,27.6,18.3,4,3,-99,-99,,,,,,2,4,1,7,2,2,1,4,,1,0,0,1,0,0,38.7,4.7,4,2.8,2,6,7,2,1,3,1.4,39.8,4,1,2,5,3,-99,,0,1,0,1,0,0,1,1,,1,1,0,0,1,0,2,-99,,,,,,,,,1,流转给合作社统一经营,3,"自家食用为主, 剩余出售",1,"外出务工, 家中老人耕种",4,"外出务工, 家中老人耕种"
2,3,4,2,197512,2,2,1,2,1,3,2768,1.8,1.8,0,0,0,7.8,44.6,29.3,49.0,1.8,7.7,8,41.8,43.2,4,-99,"自家食用为主, 剩余出售",担心政策变化,-99,-99,-99,-99,-99,-99,-99,-99,-99,-99,-99,-99,-99,-99,-99,-99,-99,-99,-99,-99,,,,,,-99,-99,-99,-99,-99,,,,,,,,,-99,-99,,,,,-99,-99,-99,-99,-99,-99,-99,-99,-99,种粮补贴较稳定,"自家食用为主, 剩余出售","外出务工, 家中老人耕种",18.6,1,,1,0,0,1,,0,1,1,0,0,0,,0,0,0,0,0,0,1,6.6,44.2,4,3,35.3,48.2,2,-99,1,,1,0,0,1,0,1,,0,0,1,1,0,0,5.6,1,,1,1,1,0,2,1,1,1,40.1,3,13.6,4,2,4,-99,-99,2,2,2,1,,1,1,0,1,0,2,5,2,,0,1,0,0,1,,1,1,0,0,1,0,5,,0,1,1,0,0,3,-99,-99,-99,-99,-99,-99,-99,-99,-99,-99,2,-99,-99,,,,,,2,4,1,1,2,2,6,6,,0,0,0,1,0,0,22.1,15.7,4,6.7,5,6,2,3,1,3,27.3,10.5,3,4,2,4,3,-99,,0,1,1,1,0,0,0,1,,0,0,1,0,0,0,2,-99,,,,,,,,,2,流转给合作社统一经营,1,流转给合作社统一经营,2,"自家食用为主, 剩余出售",5,担心政策变化
3,5,6,1,198406,6,1,1,1,1,3,7337,1.6,0,0,0,1.6,26.9,45.2,23.4,29.5,30.4,11.4,2,17.8,34.0,3,-99,"外出务工, 家中老人耕种",种粮补贴较稳定,-99,-99,-99,-99,-99,-99,-99,-99,-99,-99,-99,-99,-99,-99,-99,-99,-99,-99,-99,-99,,,,,,-99,-99,-99,-99,-99,,,,,,,,,-99,-99,,,,,-99,-99,-99,-99,-99,-99,-99,-99,-99,"外出务工, 家中老人耕种",担心政策变化,"自家食用为主, 剩余出售",45.5,5,,0,0,1,0,,0,1,1,0,0,1,,1,0,0,0,0,1,0,23.9,42.8,2,1,24.3,8.9,1,4,2,-99,,,,,,2,-99,,,,,,,-99,-99,-99,,,,,-99,-99,1,4,2.8,1,36.7,2,2,2,-99,-99,6,1,2,3,,0,0,1,0,1,3,4,1,,0,1,0,0,0,,0,1,1,0,0,1,3,,0,0,0,1,0,1,2,8.5,1,1,-99,1,4,32.3,33.8,1,3,-99,-99,,,,,,2,2,2,5,2,1,3,5,,0,0,0,1,1,1,1.9,40.1,2,2.7,1,4,7,5,2,-99,-99,-99,-99,-99,-99,-99,-99,1,,1,0,0,0,0,0,0,2,-99,,,,,,,1,,0,0,0,0,0,0,0,1,4,"外出务工, 家中老人耕种",4,"外出务工, 家中老人耕种",3,"外出务工, 家中老人耕种",3,种粮补贴较稳定
1,6,4,1,196803,3,1,4,3,7,2,8545,9.2,9.2,0,0,0,9.6,18.3,10.0,2.2,37.3,30.2,3,14.0,20.4,99,-99,"自家食用为主, 剩余出售","外出务工, 家中老人耕种",-99,-99,-99,-99,-99,-99,-99,-99,-99,-99,-99,-99,-99,-99,-99,-99,-99,-99,-99,-99,,,,,,-99,-99,-99,-99,-99,,,,,,,,,-99,-99,,,,,-99,-99,-99,-99,-99,-99,-99,-99,-99,担心政策变化,种粮补贴较稳定,流转给合作社统一经营,13.1,2,,0,1,0,1,,0,0,1,0,1,1,,1,0,0,1,1,0,0,-99,46.8,2,1,29.9,18.2,1,2,2,-99,,,,,,2,-99,,,,,,,-99,-99,-99,,,,,-99,-99,1,1,22.4,3,21.9,5,3,1,-99,-99,1,2,1,3,,0,0,0,1,1,4,3,1,,0,0,1,0,1,,0,0,1,1,0,0,4,,0,0,1,1,0,2,2,17.6,4,1,-99,4,6,31.5,25.6,4,1,3,,1,0,0,0,1,1,-99,-99,4,1,2,2,3,,1,0,1,0,0,0,36.5,10.4,3,6.9,2,5,5,3,1,7,41.2,23.2,3,3,3,4,1,-99,,0,1,0,0,0,0,1,1,,0,0,1,0,0,0,1,,0,0,0,1,0,1,1,0,5,"外出务工, 家中老人耕种",5,担心政策变化,2,流转给合作社统一经营,5,流转给合作社统一经营
1,4,5,2,199105,6,1,1,1,1,2,10380,29.4,13.6,15.8,0,0,4.3,40.5,26.8,15.5,24.3,33.7,3,12.8,8.9,4,-99,流转给合作社统一经营,"自家食用为主, 剩余出售",-99,-99,-99,-99,-99,-99,-99,-99,-99,-99,-99,-99,-99,-99,-99,-99,-99,33.3,18.5,,1,0,0,0,0,14.5,1,1,3,,0,0,0,1,0,0,0,0,1,,1,1,0,1,2,39.5,6,17.4,1,4,"自家食用为主, 剩余出售",32.8,1,流转给合作社统一经营,"外出务工, 家中老人耕种",担心政策变化,20.2,2,,0,0,1,1,,0,0,1,0,0,1,,0,0,1,0,0,0,0,-99,35.5,3,2,25.7,16.6,1,2,2,-99,,,,,,2,-99,,,,,,,-99,-99,-99,,,,,-99,-99,2,-99,-99,-99,-99,-99,-99,-99,3,"外出务工, 家中老人耕种",1,3,1,3,,0,1,0,0,0,4,6,1,,1,0,1,0,0,,0,0,0,0,1,0,1,,0,1,1,1,0,2,3,26.5,4,2,-99,2,2,2.5,41.2,2,2,-99,-99,,,,,,2,4,5,6,1,2,3,1,,0,1,0,0,0,0,27.8,47.2,2,23.4,2,5,1,5,1,3,13.3,31.5,2,2,3,6,3,-99,,1,1,1,0,0,0,0,2,-99,,,,,,,2,-99,,,,,,,,,3,"自家食用为主, 剩余出售",2,"外出务工, 家中老人耕种",4,担心政策变化,2,流转给合作社统一经营
1,6,4,1,195110,1,1,1,1,1,2,1477,4.4,4.4,0,0,0,34.8,36.3,42.3,11.5,28.8,5.6,2,12.5,21.8,5,-99,"自家食用为主, 剩余出售",担心政策变化,-99,-99,-99,-99,-99,-99,-99,-99,-99,-99,-99,-99,-99,-99,-99,-99,-99,-99,-99,-99,,,,,,-99,-99,-99,-99,-99,,,,,,,,,-99,-99,,,,,-99,-99,-99,-99,-99,-99,-99,-99,-99,种粮补贴较稳定,"自家食用为主, 剩余出售","自家食用为主, 剩余出售",44.7,5,,0,1,1,1,,1,0,0,0,0,1,,0,0,0,0,0,0,1,-99,21.5,1,2,33.2,37.1,2,-99,2,-99,,,,,,1,,0,0,1,0,0,1,7.1,1,,0,1,1,0,1,2,1,4,48.1,2,22.5,5,2,4,-99,-99,6,3,2,4,,0,1,0,1,0,4,3,1,,0,0,0,0,1,,0,1,0,0,1,0,1,,0,0,0,1,0,1,2,40.0,2,1,-99,4,3,49.0,1.5,2,2,-99,-99,,,,,,1,4,1,4,1,2,5,3,,0,1,0,1,1,0,31.8,19.0,1,22.8,3,2,4,1,1,5,36.8,1.3,2,3,1,3,3,-99,,1,0,0,0,0,0,0,2,-99,,,,,,,1,,0,0,0,0,1,0,0,1,3,种粮补贴较稳定,5,流转给合作社统一经营,2,"自家食用为主, 剩余出售",4,流转给合作社统一经营
1,5,2,1,197603,5,1,1,1,2,2,22225,0.5,0.5,0,0,0,30.5,6.5,45.3,44.2,44.1,15.4,7,42.9,48.2,5,-99,"自家食用为主, 剩余出售","外出务工, 家中老人耕种",-99,-99,-99,-99,-99,-99,-99,-99,-99,-99,-99,-99,-99,-99,-99,-99,-99,-99,-99,-99,,,,,,-99,-99,-99,-99,-99,,,,,,,,,-99,-99,,,,,-99,-99,-99,-99,-99,-99,-99,-99,-99,流转给合作社统一经营,种粮补贴较稳定,种粮补贴较稳定,7.6,5,,0,0,1,0,,1,0,0,0,1,0,,0,0,0,0,0,1,0,-99,12.7,3,3,19.1,14.6,2,-99,1,,0,0,0,1,0,2,-99,,,,,,,-99,-99,-99,,,,,-99,-99,2,-99,-99,-99,-99,-99,-99,-99,3,担心政策变化,1,1,1,4,,1,0,0,0,1,3,6,2,,0,0,0,0,1,,1,0,0,1,1,0,3,,0,0,1,0,0,1,3,16.6,3,1,-99,5,3,31.2,14.4,2,1,6,,0,0,0,0,1,1,-99,-99,4,3,2,1,4,,1,0,0,0,0,0,15.9,48.5,2,43.7,3,3,4,1,3,-99,-99,-99,-99,-99,-99,-99,-99,3,,1,1,0,0,0,0,0,1,,1,0,0,1,0,0,2,-99,,,,,,,,,2,"外出务工, 家中老人耕种",3,"外出务工, 家中老人耕种",2,流转给合作社统一经营,2,种粮补贴较稳定
6,6,3,1,198506,3,1,1,1,2,3,27342,0.5,0.5,0,0,0,8.9,45.4,19.6,45.6,19.0,2.4,6,14.3,20.0,3,-99,担心政策变化,"自家食用为主, 剩余出售",-99,-99,-99,-99,-99,-99,-99,-99,-99,-99,-99,-99,-99,-99,-99,-99,-99,-99,-99,-99,,,,,,-99,-99,-99,-99,-99,,,,,,,,,-99,-99,,,,,-99,-99,-99,-99,-99,-99,-99,-99,-99,"外出务工, 家中老人耕种",流转给合作社统一经营,担心政策变化,48.2,5,,1,1,0,1,,0,1,1,0,1,0,,0,1,0,0,0,1,0,-99,47.9,6,2,24.7,4.4,1,1,2,-99,,,,,,2,-99,,,,,,,-99,-99,-99,,,,,-99,-99,2,-99,-99,-99,-99,-99,-99,-99,2,担心政策变化,1,4,1,4,,0,1,0,0,1,2,5,2,,0,1,1,1,0,,0,0,1,1,0,1,1,,0,1,1,0,0,3,-99,-99,-99,-99,-99,-99,-99,-99,-99,-99,2,-99,-99,,,,,,2,2,4,4,1,2,6,6,,1,0,1,0,0,1,26.4,28.8,5,13.3,4,7,6,4,3,-99,-99,-99,-99,-99,-99,-99,-99,1,,0,1,1,0,0,0,0,2,-99,,,,,,,1,,0,1,0,0,0,0,1,0,3,种粮补贴较稳定,2,种粮补贴较稳定,4,流转给合作社统一经营,2,流转给合作社统一经营
6,5,6,2,196402,2,1,1,1,1,1,8076,7.8,7.8,0,0,0,40.0,35.4,5.4,18.6,28.2,15.8,4,41.1,47.7,4,-99,种粮补贴较稳定,"外出务工, 家中老人耕种",-99,-99,-99,-99,-99,-99,-99,-99,-99,-99,-99,-99,-99,-99,-99,-99,-99,-99,-99,-99,,,,,,-99,-99,-99,-99,-99,,,,,,,,,-99,-99,,,,,-99,-99,-99,-99,-99,-99,-99,-99,-99,"自家食用为主, 剩余出售","自家食用为主, 剩余出售",种粮补贴较稳定,47.8,4,,1,0,0,0,,0,0,0,0,0,1,,1,0,0,1,0,0,0,-99,34.0,3,1,43.5,28.8,2,-99,1,,1,0,0,0,0,2,-99,,,,,,,-99,-99,-99,,,,,-99,-99,2,-99,-99,-99,-99,-99,-99,-99,1,流转给合作社统一经营,5,4,1,1,,0,1,0,0,0,1,2,2,,1,0,0,0,0,,1,0,1,0,1,0,1,,1,1,0,0,1,3,-99,-99,-99,-99,-99,-99,-99,-99,-99,-99,2,-99,-99,,,,,,2,2,5,7,2,2,1,5,,0,0,0,0,0,1,7.7,29.3,2,49.3,3,7,5,3,1,3,31.1,17.4,5,4,1,4,1,-99,,0,1,1,0,0,0,0,2,-99,,,,,,,1,,0,1,0,0,1,0,0,1,2,"外出务工, 家中老人耕种",5,"外出务工, 家中老人耕种",3,担心政策变化,1,种粮补贴较稳定
1,4,2,1,197012,4,-88,1,1,1,1,5608,9.0,11.4,6.6,9.0,0,12.8,45.4,35.5,20.1,48.0,43.5,8,13.6,8.3,5,-99,种粮补贴较稳定,种粮补贴较稳定,26.6,10.3,2,2,2,2,6,2,4,1,4.1,2,32.6,2,4,"外出务工, 家中老人耕种",5.8,1.8,1.9,,1,1,0,0,1,11.9,2,1,1,,0,0,0,0,1,1,0,0,1,,1,0,1,1,2,7.8,1,35.9,1,3,流转给合作社统一经营,36.2,2,流转给合作社统一经营,流转给合作社统一经营,流转给合作社统一经营,9.0,4,,1,0,0,0,,1,0,0,1,0,1,,0,1,0,1,0,0,0,26.5,30.1,2,3,38.5,37.8,2,-99,1,,1,1,1,0,0,2,-99,,,,,,,-99,-99,-99,,,,,-99,-99,2,-99,-99,-99,-99,-99,-99,-99,2,担心政策变化,2,4,1,3,,1,0,0,1,0,2,3,2,,1,1,0,1,0,,1,0,0,0,1,0,2,,0,0,1,1,1,3,-99,-99,-99,-99,-99,-99,-99,-99,-99,-99,2,-99,-99,,,,,,1,1,4,1,3,1,5,1,,1,0,0,1,1,0,6.0,48.5,1,33.5,1,7,3,5,1,2,33.8,9.2,3,1,1,1,3,-99,,0,0,0,0,0,0,1,2,-99,,,,,,,1,,0,0,0,0,0,0,0,1,3,流转给合作社统一经营,2,"外出务工, 家中老人耕种",1,"自家食用为主, 剩余出售",4,"自家食用为主, 剩余出售"
2,3,5,2,199207,5,1,1,1,4,1,,0,0,0,0,0,13.3,8.2,25.5,1.5,28.4,38.1,6,28.7,20.9,5,-99,种粮补贴较稳定,"外出务工, 家中老人耕种",-99,-99,-99,-99,-99,-99,-99,-99,-99,-99,-99,-99,-99,-99,-99,-99,-99,-99,-99,-99,,,,,,-99,-99,-99,-99,-99,,,,,,,,,-99,-99,,,,,-99,-99,-99,-99,-99,-99,-99,-99,-99,流转给合作社统一经营,流转给合作社统一经营,"外出务工, 家中老人耕种",20.9,3,,1,1,1,0,,0,0,0,1,0,1,,0,1,1,0,0,0,0,19.1,2.3,3,2,39.4,9.0,2,-99,2,-99,,,,,,2,-99,,,,,,,-99,-99,-99,,,,,-99,-99,2,-99,-99,-99,-99,-99,-99,-99,6,种粮补贴较稳定,6,4,1,3,,0,0,0,0,1,3,6,1,,1,0,1,0,1,,0,1,1,0,1,0,4,,1,1,1,0,0,1,2,18.1,1,1,-99,4,3,19.3,11.3,2,2,-99,-99,,,,,,1,1,5,6,1,1,4,6,,1,1,0,0,0,1,8.7,26.1,5,49.5,1,7,5,2,1,3,7.6,35.0,2,4,2,4,1,-99,,0,0,1,0,1,0,1,2,-99,,,,,,,2,-99,,,,,,,,,4,"外出务工, 家中老人耕种",2,流转给合作社统一经营,1,"自家食用为主, 剩余出售",2,担心政策变化
1,5,4,1,198510,4,-88,1,1,7,1,,26.0,15.0,11.0,0,0,49.3,16.3,2.5,23.5,38.3,43.5,4,49.3,22.8,4,-99,种粮补贴较稳定,担心政策变化,-99,-99,-99,-99,-99,-99,-99,-99,-99,-99,-99,-99,-99,-99,-99,-99,-99,22.3,11.3,,1,0,1,0,0,16.5,2,2,1,,0,1,1,0,0,1,0,0,1,,1,0,1,0,2,30.2,6,31.2,1,4,流转给合作社统一经营,14.4,3,"外出务工, 家中老人耕种",担心政策变化,种粮补贴较稳定,6.3,4,,1,0,0,0,,0,0,0,0,1,1,,0,0,1,1,0,1,0,48.4,6.0,2,1,22.4,15.8,1,1,2,-99,,,,,,2,-99,,,,,,,-99,-99,-99,,,,,-99,-99,2,-99,-99,-99,-99,-99,-99,-99,1,流转给合作社统一经营,3,3,1,3,,1,0,1,0,0,1,6,1,,0,1,0,0,0,,0,1,0,0,0,0,3,,0,0,0,1,0,3,-99,-99,-99,-99,-99,-99,-99,-99,-99,-99,2,-99,-99,,,,,,1,4,3,2,2,2,1,2,,1,0,0,1,0,0,6.3,22.2,4,30.6,3,2,6,5,1,5,48.6,44.2,3,3,1,5,1,-99,,1,0,0,0,1,0,0,1,,1,0,0,0,1,0,1,,0,0,0,0,0,0,0,1,2,担心政策变化,2,担心政策变化,3,"外出务工, 家中老人耕种",3,种粮补贴较稳定
1,1,4,1,199306,7,2,1,1,6,3,1847,16.3,16.3,0,0,0,24.5,45.8,31.6,33.2,28.2,48.5,8,30.7,41.0,4,-99,流转给合作社统一经营,种粮补贴较稳定,-99,-99,-99,-99,-99,-99,-99,-99,-99,-99,-99,-99,-99,-99,-99,-99,-99,-99,-99,-99,,,,,,-99,-99,-99,-99,-99,,,,,,,,,-99,-99,,,,,-99,-99,-99,-99,-99,-99,-99,-99,-99,"自家食用为主, 剩余出售","自家食用为主, 剩余出售",担心政策变化,24.3,1,,1,1,0,0,,1,0,0,0,0,0,,0,0,0,0,1,0,0,34.9,38.8,3,2,49.9,21.7,1,3,2,-99,,,,,,2,-99,,,,,,,-99,-99,-99,,,,,-99,-99,2,-99,-99,-99,-99,-99,-99,-99,1,担心政策变化,4,1,1,1,,0,0,0,0,1,4,1,1,,0,1,1,0,0,,0,0,0,1,0,0,3,,1,1,1,0,0,1,2,21.2,4,2,6.4,1,6,17.5,13.8,4,3,-99,-99,,,,,,1,3,1,2,1,1,1,3,,0,0,1,1,0,1,17.0,29.0,4,39.0,2,6,4,5,3,-99,-99,-99,-99,-99,-99,-99,-99,3,,0,1,0,0,1,0,1,2,-99,,,,,,,1,,0,0,0,1,0,0,0,0,2,担心政策变化,3,担心政策变化,4,担心政策变化,3,种粮补贴较稳定
1,3,4,1,196308,1,-88,1,1,2,1,57379,10.9,22.1,2.4,13.6,0,22.1,35.4,31.2,18.0,34.4,16.7,7,15.3,30.8,,-99,"自家食用为主, 剩余出售","外出务工, 家中老人耕种",41.7,11.5,3,6,2,2,4,2,1,2,40.2,2,14.1,1,3,流转给合作社统一经营,37.6,7.4,48.3,,0,0,0,1,1,24.8,2,1,2,,0,0,1,0,0,0,0,0,1,,0,0,0,1,1,22.3,2,47.8,2,3,"外出务工, 家中老人耕种",24.9,3,担心政策变化,担心政策变化,"外出务工, 家中老人耕种",32.8,3,,1,1,0,1,,0,0,0,0,1,1,,1,0,1,0,1,0,0,-99,14.0,3,2,33.9,27.1,2,-99,2,-99,,,,,,2,-99,,,,,,,-99,-99,-99,,,,,-99,-99,2,-99,-99,-99,-99,-99,-99,-99,6,担心政策变化,1,1,2,3,,0,1,1,1,0,3,5,1,,0,0,0,1,0,,1,0,0,0,0,0,1,,0,0,0,1,0,1,1,31.4,4,2,-99,3,5,30.1,38.9,3,2,-99,-99,,,,,,2,1,4,3,1,2,6,2,,1,0,1,1,0,0,45.5,22.8,4,17.7,5,3,5,1,3,-99,-99,-99,-99,-99,-99,-99,-99,3,,0,1,1,0,1,0,0,2,-99,,,,,,,1,,0,0,0,0,0,0,1,0,2,"自家食用为主, 剩余出售",1,担心政策变化,5,"自家食用为主, 剩余出售",2,流转给合作社统一经营
2,1,4,1,197405,1,1,1,1,7,2,60,8.9,8.9,0,0,0,5.6,17.1,33.2,44.9,24.9,34.1,9,39.1,30.1,5,-99,担心政策变化,"自家食用为主, 剩余出售",-99,-99,-99,-99,-99,-99,-99,-99,-99,-99,-99,-99,-99,-99,-99,-99,-99,-99,-99,-99,,,,,,-99,-99,-99,-99,-99,,,,,,,,,-99,-99,,,,,-99,-99,-99,-99,-99,-99,-99,-99,-99,"自家食用为主, 剩余出售","自家食用为主, 剩余出售",担心政策变化,37.5,4,,1,1,0,0,,1,0,0,1,1,0,,0,0,1,0,0,0,0,-99,9.4,2,3,46.5,13.4,1,3,1,,0,0,1,0,0,1,,1,0,0,0,0,1,27.6,2,,0,1,0,0,2,4,2,-99,-99,-99,-99,-99,-99,-99,6,种粮补贴较稳定,3,3,1,4,,0,0,1,1,0,4,5,1,,1,0,0,1,0,,1,0,1,0,1,0,4,,0,0,0,1,1,1,2,10.0,2,2,-99,2,4,24.6,36.3,2,2,-99,-99,,,,,,1,2,1,7,2,2,1,3,,1,0,0,1,0,1,35.6,12.0,2,39.9,4,6,3,1,2,-99,-99,-99,-99,-99,-99,-99,-99,2,,0,1,1,0,1,0,0,2,-99,,,,,,,2,-99,,,,,,,,,3,"外出务工, 家中老人耕种",5,"外出务工, 家中老人耕种",3,"自家食用为主, 剩余出售",5,"自家食用为主, 剩余出售"
1,6,5,1,196209,4,1,1,3,1,3,,9.9,17.7,0,10.7,2.9,10.3,29.5,31.4,36.2,43.7,27.1,2,36.7,37.9,5,-99,担心政策变化,"自家食用为主, 剩余出售",3.6,44.0,2,4,1,1,6,1,3,2,13.5,6,19.5,2,1,"外出务工, 家中老人耕种",32.2,-99,-99,-99,,,,,,-99,-99,-99,-99,-99,,,,,,,,,-99,-99,,,,,-99,-99,-99,-99,-99,-99,-99,-99,-99,担心政策变化,种粮补贴较稳定,种粮补贴较稳定,17.3,4,,1,1,0,0,,1,0,1,0,0,1,,0,0,0,0,0,1,0,28.9,48.9,1,1,6.9,43.7,2,-99,1,,1,0,0,1,0,1,,1,0,0,0,0,0,5.5,2,,1,0,1,1,1,1,2,-99,-99,-99,-99,-99,-99,-99,4,"自家食用为主, 剩余出售",3,2,2,4,,0,0,0,1,1,2,6,1,,1,0,1,1,0,,1,0,0,0,1,1,2,,0,0,1,1,1,3,-99,-99,-99,-99,-99,-99,-99,-99,-99,-99,2,-99,-99,,,,,,2,4,4,3,1,2,4,3,,0,0,0,1,1,0,20.3,37.1,5,35.4,4,5,2,1,1,6,22.5,14.8,2,2,2,4,3,-99,,0,0,0,0,0,1,0,2,-99,,,,,,,2,-99,,,,,,,,,2,"外出务工, 家中老人耕种",2,"自家食用为主, 剩余出售",5,"外出务工, 家中老人耕种",4,担心政策变化
1,2,6,1,195811,1,1,1,1,3,3,35663,5.7,0,5.7,0,0,44.5,19.9,4.0,40.4,38.9,45.7,7,27.8,46.6,5,-99,流转给合作社统一经营,担心政策变化,-99,-99,-99,-99,-99,-99,-99,-99,-99,-99,-99,-99,-99,-99,-99,-99,-99,19.3,7.2,,1,1,0,0,1,23.9,2,1,2,,0,0,0,0,1,1,0,1,2,,1,0,1,1,2,31.9,2,23.4,1,3,"自家食用为主, 剩余出售",19.1,1,担心政策变化,"外出务工, 家中老人耕种","外出务工, 家中老人耕种",15.9,2,,0,1,0,0,,0,1,0,1,0,0,,0,0,0,1,1,0,1,18.0,27.8,1,1,28.5,43.1,2,-99,2,-99,,,,,,2,-99,,,,,,,-99,-99,-99,,,,,-99,-99,2,-99,-99,-99,-99,-99,-99,-99,1,担心政策变化,5,2,1,4,,0,0,1,0,1,2,1,1,,1,0,0,0,0,,1,0,0,0,0,0,1,,1,1,0,1,0,3,-99,-99,-99,-99,-99,-99,-99,-99,-99,-99,2,-99,-99,,,,,,1,2,3,1,2,2,4,3,,0,0,0,1,0,0,1.3,14.1,4,21.9,4,2,3,5,1,7,47.9,4.0,5,4,1,6,3,-99,,1,1,0,0,0,0,1,2,-99,,,,,,,2,-99,,,,,,,,,3,"自家食用为主, 剩余出售",1,"自家食用为主, 剩余出售",3,种粮补贴较稳定,1,"外出务工, 家中老人耕种"
4,4,6,2,197411,5,1,1,2,3,3,32082,0.0,4.1,0,4.1,0,31.4,21.8,10.5,23.3,1.5,1.9,9,40.8,27.4,5,-99,"外出务工, 家中老人耕种",担心政策变化,46.5,49.6,1,7,2,1,2,2,3,1,27.9,1,22.7,2,4,担心政策变化,18.9,-99,-99,-99,,,,,,-99,-99,-99,-99,-99,,,,,,,,,-99,-99,,,,,-99,-99,-99,-99,-99,-99,-99,-99,-99,流转给合作社统一经营,流转给合作社统一经营,"外出务工, 家中老人耕种",36.3,1,,0,1,0,0,,0,0,1,0,0,1,,1,0,0,0,0,0,0,-99,40.8,1,4,48.3,33.8,2,-99,2,-99,,,,,,2,-99,,,,,,,-99,-99,-99,,,,,-99,-99,1,1,45.6,1,5.6,2,3,4,-99,-99,5,1,2,1,,1,1,0,0,1,4,6,2,,0,1,0,0,0,,0,0,0,1,0,1,2,,1,0,1,1,0,2,1,6.3,4,2,-99,4,2,20.6,31.2,5,2,-99,-99,,,,,,2,1,3,1,2,1,4,1,,1,0,0,0,1,0,22.8,18.7,4,4.8,1,2,3,5,1,5,30.2,48.3,5,4,2,1,2,-99,,0,1,1,0,0,0,0,2,-99,,,,,,,1,,0,0,0,0,1,1,0,0,4,种粮补贴较稳定,4,担心政策变化,1,担心政策变化,4,流转给合作社统一经营
3,2,5,1,195102,1,2,1,1,3,3,36478,9.9,1.0,8.9,0,0,34.1,14.1,49.8,27.0,44.3,47.9,5,36.5,31.9,,-99,"外出务工, 家中老人耕种","外出务工, 家中老人耕种",-99,-99,-99,-99,-99,-99,-99,-99,-99,-99,-99,-99,-99,-99,-99,-99,-99,17.6,33.8,,0,0,1,0,0,7.6,1,1,2,,0,0,1,1,0,0,1,0,2,,1,1,1,0,1,11.5,7,32.2,1,1,流转给合作社统一经营,1.1,2,流转给合作社统一经营,"自家食用为主, 剩余出售",担心政策变化,37.8,2,,1,1,0,1,,1,0,0,1,0,1,,1,0,1,0,1,0,0,-99,7.4,6,2,46.4,17.3,2,-99,2,-99,,,,,,2,-99,,,,,,,-99,-99,-99,,,,,-99,-99,2,-99,-99,-99,-99,-99,-99,-99,4,种粮补贴较稳定,5,1,1,2,,1,0,0,0,0,2,3,1,,1,0,0,0,0,,1,0,0,0,0,0,5,,0,0,1,0,1,1,1,36.6,1,2,-99,1,5,10.5,37.8,5,2,-99,-99,,,,,,1,4,1,4,2,2,5,5,,0,0,0,0,0,1,1.9,10.9,3,22.9,2,2,1,4,1,8,8.5,45.9,5,3,1,1,2,-99,,1,0,0,1,0,1,0,2,-99,,,,,,,2,-99,,,,,,,,,4,"外出务工, 家中老人耕种",5,种粮补贴较稳定,2,流转给合作社统一经营,5,流转给合作社统一经营
1,2,5,1,196108,4,2,1,1,4,1,6891,3.5,3.5,0,0,0,16.1,7.8,31.2,5.8,15.9,8.0,8,12.0,16.1,5,-99,担心政策变化,种粮补贴较稳定,-99,-99,-99,-99,-99,-99,-99,-99,-99,-99,-99,-99,-99,-99,-99,-99,-99,-99,-99,-99,,,,,,-99,-99,-99,-99,-99,,,,,,,,,-99,-99,,,,,-99,-99,-99,-99,-99,-99,-99,-99,-99,担心政策变化,流转给合作社统一经营,"外出务工, 家中老人耕种",47.1,4,,1,0,0,0,,0,0,1,0,0,0,,0,0,1,0,0,1,0,-99,41.3,6,2,38.5,44.2,2,-99,1,,1,1,0,1,0,2,-99,,,,,,,-99,-99,-99,,,,,-99,-99,2,-99,-99,-99,-99,-99,-99,-99,3,流转给合作社统一经营,1,3,2,1,,0,1,0,0,1,3,4,1,,0,1,0,1,0,,0,0,0,1,0,0,1,,0,1,0,0,0,2,2,40.9,2,2,11.9,5,2,36.3,46.2,1,2,-99,-99,,,,,,1,1,1,1,3,2,6,2,,0,0,0,0,1,0,17.6,15.0,5,30.5,5,1,2,4,1,8,18.4,24.3,1,2,1,6,1,-99,,0,0,0,0,1,1,1,2,-99,,,,,,,2,-99,,,,,,,,,1,担心政策变化,3,种粮补贴较稳定,4,担心政策变化,4,"外出务工, 家中老人耕种"
3,3,5,1,197112,4,1,1,1,3,3,61751,21.9,6.7,15.2,0,0,19.9,6.4,43.2,17.7,40.1,2.1,2,45.9,41.9,4,-99,种粮补贴较稳定,担心政策变化,-99,-99,-99,-99,-99,-99,-99,-99,-99,-99,-99,-99,-99,-99,-99,-99,-99,33.5,48.9,,0,1,0,0,0,12.7,2,2,1,,0,0,0,0,0,0,1,0,1,,1,1,1,0,2,7.4,4,14.4,1,1,种粮补贴较稳定,2.9,1,流转给合作社统一经营,种粮补贴较稳定,种粮补贴较稳定,19.4,1,,1,1,1,0,,1,1,0,1,0,0,,0,0,1,0,1,1,0,-99,18.5,5,4,49.7,1.7,2,-99,1,,1,1,0,0,1,2,-99,,,,,,,-99,-99,-99,,,,,-99,-99,2,-99,-99,-99,-99,-99,-99,-99,2,"自家食用为主, 剩余出售",2,4,1,2,,0,0,0,1,0,1,3,2,,1,0,0,0,1,,0,1,0,1,0,1,3,,1,0,1,1,0,3,-99,-99,-99,-99,-99,-99,-99,-99,-99,-99,2,-99,-99,,,,,,1,2,2,1,1,2,1,1,,1,0,1,0,0,1,16.5,4.7,5,42.4,5,7,2,1,1,1,5.2,29.9,4,3,2,5,1,-99,,0,0,1,0,0,0,0,2,-99,,,,,,,1,,1,0,0,0,0,1,0,0,4,担心政策变化,2,"外出务工, 家中老人耕种",3,"自家食用为主, 剩余出售",2,种粮补贴较稳定
1,3,3,1,199310,6,1,3,1,6,3,,4.3,4.3,0,0,0,48.9,3.0,29.9,37.0,8.0,18.9,6,31.0,12.3,4,-99,担心政策变化,"自家食用为主, 剩余出售",-99,-99,-99,-99,-99,-99,-99,-99,-99,-99,-99,-99,-99,-99,-99,-99,-99,-99,-99,-99,,,,,,-99,-99,-99,-99,-99,,,,,,,,,-99,-99,,,,,-99,-99,-99,-99,-99,-99,-99,-99,-99,种粮补贴较稳定,种粮补贴较稳定,"自家食用为主, 剩余出售",9.7,5,,0,1,1,1,,0,0,0,0,1,0,,0,0,1,0,1,0,0,33.5,14.0,3,2,40.0,27.1,2,-99,2,-99,,,,,,2,-99,,,,,,,-99,-99,-99,,,,,-99,-99,2,-99,-99,-99,-99,-99,-99,-99,4,"外出务工, 家中老人耕种",6,2,1,2,,0,0,0,1,0,3,1,2,,0,0,1,1,0,,1,0,0,0,1,1,1,,1,1,0,1,0,2,1,14.3,1,1,48.1,4,6,46.4,22.0,3,2,-99,-99,,,,,,2,4,3,5,1,2,1,5,,1,1,1,0,0,0,23.2,10.8,4,3.4,5,2,7,4,2,-99,-99,-99,-99,-99,-99,-99,-99,3,,1,0,0,0,1,0,0,2,-99,,,,,,,1,,0,0,1,0,0,0,0,0,4,"自家食用为主, 剩余出售",4,"外出务工, 家中老人耕种",2,担心政策变化,1,"外出务工, 家中老人耕种"
2,6,4,1,196711,2,1,1,1,1,2,,11.2,11.2,0,0,0,39.6,21.6,20.4,24.7,11.5,48.3,8,44.9,3.0,3,-99,"外出务工, 家中老人耕种","外出务工, 家中老人耕种",-99,-99,-99,-99,-99,-99,-99,-99,-99,-99,-99,-99,-99,-99,-99,-99,-99,-99,-99,-99,,,,,,-99,-99,-99,-99,-99,,,,,,,,,-99,-99,,,,,-99,-99,-99,-99,-99,-99,-99,-99,-99,担心政策变化,种粮补贴较稳定,担心政策变化,34.2,2,,1,0,1,1,,0,0,1,1,0,1,,0,1,0,0,1,0,0,-99,12.2,1,3,37.2,3.1,2,-99,2,-99,,,,,,2,-99,,,,,,,-99,-99,-99,,,,,-99,-99,2,-99,-99,-99,-99,-99,-99,-99,5,"自家食用为主, 剩余出售",4,2,1,2,,0,0,1,1,1,2,1,1,,1,0,0,1,1,,0,0,1,1,0,0,3,,0,0,1,1,1,3,-99,-99,-99,-99,-99,-99,-99,-99,-99,-99,2,-99,-99,,,,,,2,2,2,4,3,2,2,6,,1,1,1,0,0,0,21.3,30.1,2,9.9,2,6,1,5,2,-99,-99,-99,-99,-99,-99,-99,-99,2,,1,0,0,1,1,0,0,1,,0,0,0,1,1,1,2,-99,,,,,,,,,3,"外出务工, 家中老人耕种",2,"自家食用为主, 剩余出售",2,流转给合作社统一经营,2,流转给合作社统一经营
1,1,6,1,196906,5,1,1,1,7,2,10265,22.1,15.5,6.6,0,0,20.8,45.8,20.7,9.5,31.9,48.6,9,19.3,2.8,5,-99,"自家食用为主, 剩余出售",种粮补贴较稳定,-99,-99,-99,-99,-99,-99,-99,-99,-99,-99,-99,-99,-99,-99,-99,-99,-99,25.9,44.2,,0,0,0,0,1,7.1,2,1,2,,0,0,1,0,1,0,0,0,1,,1,0,0,0,1,8.2,1,2.2,1,4,种粮补贴较稳定,11.5,2,"自家食用为主, 剩余出售",种粮补贴较稳定,流转给合作社统一经营,14.1,3,,0,0,0,1,,0,1,0,1,0,1,,0,0,0,0,0,1,0,-99,22.3,6,4,3.9,24.4,2,-99,1,,0,0,0,1,0,1,,1,1,0,0,1,0,31.6,2,,1,0,0,1,2,1,2,-99,-99,-99,-99,-99,-99,-99,1,种粮补贴较稳定,6,4,1,1,,0,1,1,1,0,1,6,2,,1,0,0,1,1,,0,0,0,1,0,0,3,,0,0,1,0,1,3,-99,-99,-99,-99,-99,-99,-99,-99,-99,-99,1,4,,0,0,1,0,1,1,-99,-99,4,1,2,2,3,,1,0,1,0,1,0,21.5,22.9,4,33.8,2,6,7,1,1,8,17.2,33.7,4,2,3,5,3,-99,,0,0,0,1,0,0,1,2,-99,,,,,,,2,-99,,,,,,,,,5,流转给合作社统一经营,5,种粮补贴较稳定,1,流转给合作社统一经营,1,流转给合作社统一经营
3,4,6,1,196104,1,1,1,1,5,1,9743,5.5,3.4,0,0,2.1,42.2,45.3,34.8,8.4,21.4,2.6,5,45.0,39.6,4,-99,"自家食用为主, 剩余出售",流转给合作社统一经营,-99,-99,-99,-99,-99,-99,-99,-99,-99,-99,-99,-99,-99,-99,-99,-99,-99,-99,-99,-99,,,,,,-99,-99,-99,-99,-99,,,,,,,,,-99,-99,,,,,-99,-99,-99,-99,-99,-99,-99,-99,-99,种粮补贴较稳定,担心政策变化,"自家食用为主, 剩余出售",49.0,3,,0,1,1,1,,1,0,0,0,0,0,,1,1,0,0,0,0,0,40.1,6.6,2,3,10.7,5.6,2,-99,1,,0,1,0,0,0,2,-99,,,,,,,-99,-99,-99,,,,,-99,-99,1,1,22.1,2,10.0,4,2,2,-99,-99,6,4,2,3,,1,0,1,0,0,4,6,1,,0,1,1,0,0,,1,1,1,0,0,0,5,,0,0,0,1,0,1,1,47.3,2,1,-99,1,3,22.3,5.5,2,2,-99,-99,,,,,,2,1,3,5,2,1,1,6,,0,0,0,1,1,1,16.8,48.3,5,25.5,3,6,5,5,1,6,45.9,19.9,3,3,3,1,3,-99,,1,0,0,0,0,1,1,2,-99,,,,,,,1,,0,0,1,1,0,0,0,0,1,"外出务工, 家中老人耕种",4,担心政策变化,3,担心政策变化,5,"外出务工, 家中老人耕种"
1,2,6,2,199009,5,3,1,1,5,3,4434,0.4,6.9,0,6.5,0,37.9,43.8,26.8,18.3,12.9,27.9,1,21.6,47.6,5,-99,种粮补贴较稳定,"外出务工, 家中老人耕种",40.5,22.6,1,6,2,3,6,1,1,2,50.0,7,20.9,1,3,"自家食用为主, 剩余出售",17.6,-99,-99,-99,,,,,,-99,-99,-99,-99,-99,,,,,,,,,-99,-99,,,,,-99,-99,-99,-99,-99,-99,-99,-99,-99,"外出务工, 家中老人耕种",流转给合作社统一经营,流转给合作社统一经营,34.6,1,,0,0,1,1,,0,0,1,1,0,1,,1,0,0,1,0,0,0,-99,21.9,3,4,28.2,11.1,1,2,2,-99,,,,,,1,,0,0,0,0,1,0,4.5,2,,0,1,1,1,1,2,2,-99,-99,-99,-99,-99,-99,-99,2,"外出务工, 家中老人耕种",2,3,2,1,,1,0,0,0,0,2,6,1,,1,0,0,0,1,,0,1,1,0,0,0,2,,0,0,1,1,0,2,2,22.8,1,1,2.3,2,2,21.0,5.5,5,2,-99,-99,,,,,,2,2,5,1,2,2,3,1,,0,0,0,0,0,1,23.8,48.6,4,3.3,3,7,3,2,2,-99,-99,-99,-99,-99,-99,-99,-99,3,,0,1,0,0,0,1,0,2,-99,,,,,,,1,,1,0,0,0,1,0,0,0,2,"外出务工, 家中老人耕种",1,担心政策变化,3,流转给合作社统一经营,3,种粮补贴较稳定
3,3,6,2,195912,3,1,1,1,7,2,,13.1,13.1,0,0,0,25.7,20.6,28.5,30.0,47.4,36.8,7,34.9,23.1,4,-99,"自家食用为主, 剩余出售",流转给合作社统一经营,-99,-99,-99,-99,-99,-99,-99,-99,-99,-99,-99,-99,-99,-99,-99,-99,-99,-99,-99,-99,,,,,,-99,-99,-99,-99,-99,,,,,,,,,-99,-99,,,,,-99,-99,-99,-99,-99,-99,-99,-99,-99,"外出务工, 家中老人耕种",种粮补贴较稳定,种粮补贴较稳定,34.2,1,,1,0,0,0,,0,0,0,1,0,1,,0,0,0,1,1,0,0,-99,4.7,2,2,14.4,27.6,2,-99,2,-99,,,,,,2,-99,,,,,,,-99,-99,-99,,,,,-99,-99,1,4,9.7,1,46.0,5,3,2,-99,-99,6,1,2,4,,1,1,0,1,0,3,4,2,,0,1,0,1,1,,1,0,1,0,0,0,2,,0,1,0,0,0,1,3,17.7,3,1,-99,2,1,8.7,37.0,1,1,4,,0,1,0,0,1,1,-99,-99,4,1,2,4,4,,0,1,0,1,0,0,22.8,19.1,4,4.4,5,4,1,1,1,8,4.1,2.8,3,2,1,6,2,-99,,0,0,1,1,0,0,1,2,-99,,,,,,,2,-99,,,,,,,,,3,种粮补贴较稳定,4,种粮补贴较稳定,4,种粮补贴较稳定,2,流转给合作社统一经营
1,3,3,1,199409,7,1,2,1,1,2,6556,3.7,3.7,0,0,0,24.9,24.2,17.7,47.7,42.9,44.8,2,7.9,43.3,4,-99,流转给合作社统一经营,种粮补贴较稳定,-99,-99,-99,-99,-99,-99,-99,-99,-99,-99,-99,-99,-99,-99,-99,-99,-99,-99,-99,-99,,,,,,-99,-99,-99,-99,-99,,,,,,,,,-99,-99,,,,,-99,-99,-99,-99,-99,-99,-99,-99,-99,"自家食用为主, 剩余出售",种粮补贴较稳定,流转给合作社统一经营,38.8,2,,0,1,0,0,,1,0,0,0,0,0,,0,1,0,0,0,0,1,-99,35.3,2,1,14.6,23.0,1,6,2,-99,,,,,,2,-99,,,,,,,-99,-99,-99,,,,,-99,-99,2,-99,-99,-99,-99,-99,-99,-99,1,"自家食用为主, 剩余出售",4,2,2,3,,1,0,1,0,1,4,2,2,,0,1,0,1,0,,0,1,0,0,0,0,5,,1,0,0,0,0,2,3,9.8,3,1,1.9,2,3,21.2,15.0,4,3,-99,-99,,,,,,2,3,2,1,1,2,1,4,,0,1,0,1,0,0,28.3,41.1,3,24.0,3,6,6,4,1,3,35.9,25.0,3,4,1,1,3,-99,,1,0,0,1,0,0,1,1,,1,1,0,1,0,0,1,,1,0,0,0,0,0,0,0,1,担心政策变化,4,担心政策变化,5,担心政策变化,5,担心政策变化
1,2,6,2,195109,1,1,1,1,5,1,4150,0.9,7.5,0,6.6,0,41.7,40.3,1.9,48.3,8.9,16.4,5,26.5,19.1,5,-99,担心政策变化,"外出务工, 家中老人耕种",1.7,30.2,3,1,2,1,7,1,4,1,11.7,2,28.7,1,2,种粮补贴较稳定,18.6,-99,-99,-99,,,,,,-99,-99,-99,-99,-99,,,,,,,,,-99,-99,,,,,-99,-99,-99,-99,-99,-99,-99,-99,-99,"自家食用为主, 剩余出售","自家食用为主, 剩余出售",种粮补贴较稳定,17.5,2,,1,0,1,1,,0,1,0,1,0,0,,0,0,1,0,0,0,0,40.4,10.5,1,1,29.6,1.3,1,5,2,-99,,,,,,1,,0,0,1,0,0,0,30.9,1,,1,1,0,1,1,4,1,3,31.2,3,40.5,3,1,4,-99,-99,3,2,2,4,,0,0,0,0,1,1,2,1,,0,1,0,1,1,,0,0,0,0,0,1,5,,0,0,0,0,1,2,2,18.8,1,1,-99,2,3,23.9,15.3,2,2,-99,-99,,,,,,2,1,3,7,3,2,1,6,,0,0,0,0,0,1,46.6,35.2,3,19.7,2,7,3,1,3,-99,-99,-99,-99,-99,-99,-99,-99,2,,1,1,1,0,0,0,0,2,-99,,,,,,,2,-99,,,,,,,,,3,"外出务工, 家中老人耕种",3,流转给合作社统一经营,5,种粮补贴较稳定,4,"外出务工, 家中老人耕种"
4,6,3,1,197501,4,1,1,1,4,1,4066,13.5,13.5,0,0,0,47.9,24.2,48.3,47.3,32.3,8.6,6,23.9,42.9,,-99,种粮补贴较稳定,种粮补贴较稳定,-99,-99,-99,-99,-99,-99,-99,-99,-99,-99,-99,-99,-99,-99,-99,-99,-99,-99,-99,-99,,,,,,-99,-99,-99,-99,-99,,,,,,,,,-99,-99,,,,,-99,-99,-99,-99,-99,-99,-99,-99,-99,种粮补贴较稳定,流转给合作社统一经营,"自家食用为主, 剩余出售",6.0,3,,0,1,1,1,,0,1,0,1,0,0,,0,0,0,1,1,0,0,46.0,3.2,6,3,43.9,31.9,1,7,2,-99,,,,,,1,,1,1,0,0,1,0,35.9,2,,0,1,1,0,2,1,2,-99,-99,-99,-99,-99,-99,-99,6,流转给合作社统一经营,6,3,2,3,,0,0,1,0,0,2,3,2,,0,0,1,1,1,,0,1,0,0,0,0,5,,1,0,1,1,0,3,-99,-99,-99,-99,-99,-99,-99,-99,-99,-99,1,4,,0,1,0,1,0,2,-99,-99,4,3,2,1,1,,0,0,0,0,0,1,46.6,4.6,5,1.5,4,6,6,3,1,1,45.5,19.7,2,1,1,5,1,-99,,1,1,0,1,0,0,0,2,-99,,,,,,,2,-99,,,,,,,,,2,"自家食用为主, 剩余出售",2,担心政策变化,5,种粮补贴较稳定,4,担心政策变化
2,4,5,1,199209,7,1,1,1,3,1,19489,21.5,21.5,0,0,0,21.8,38.3,9.4,4.6,33.5,26.5,8,7.1,39.2,3,-99,"外出务工, 家中老人耕种",种粮补贴较稳定,-99,-99,-99,-99,-99,-99,-99,-99,-99,-99,-99,-99,-99,-99,-99,-99,-99,-99,-99,-99,,,,,,-99,-99,-99,-99,-99,,,,,,,,,-99,-99,,,,,-99,-99,-99,-99,-99,-99,-99,-99,-99,担心政策变化,"外出务工, 家中老人耕种","自家食用为主, 剩余出售",17.6,3,,0,1,0,0,,0,0,0,1,0,0,,0,0,0,0,1,0,0,-99,39.8,2,2,40.0,14.8,1,1,2,-99,,,,,,1,,0,0,0,0,0,1,37.9,2,,0,1,1,1,1,3,2,-99,-99,-99,-99,-99,-99,-99,3,流转给合作社统一经营,4,2,2,3,,1,0,0,1,0,3,4,2,,0,1,0,0,0,,1,0,0,0,1,1,5,,0,1,0,1,0,3,-99,-99,-99,-99,-99,-99,-99,-99,-99,-99,2,-99,-99,,,,,,2,1,4,1,3,2,1,4,,1,0,0,0,0,1,28.2,10.9,4,5.2,2,7,6,1,1,1,14.0,33.5,3,4,2,3,3,-99,,0,0,0,1,1,0,0,1,,0,1,0,0,1,0,2,-99,,,,,,,,,3,流转给合作社统一经营,5,"外出务工, 家中老人耕种",2,担心政策变化,5,"自家食用为主, 剩余出售"
3,1,4,2,196702,1,1,1,3,7,2,9400,8.0,8.0,0,0,0,26.8,49.6,6.7,49.7,29.5,8.3,1,19.4,25.5,4,-99,担心政策变化,流转给合作社统一经营,-99,-99,-99,-99,-99,-99,-99,-99,-99,-99,-99,-99,-99,-99,-99,-99,-99,-99,-99,-99,,,,,,-99,-99,-99,-99,-99,,,,,,,,,-99,-99,,,,,-99,-99,-99,-99,-99,-99,-99,-99,-99,流转给合作社统一经营,"自家食用为主, 剩余出售",流转给合作社统一经营,18.3,4,,0,1,1,0,,0,1,1,0,0,0,,1,0,0,0,0,0,0,-99,43.4,6,2,25.3,43.9,1,1,2,-99,,,,,,2,-99,,,,,,,-99,-99,-99,,,,,-99,-99,2,-99,-99,-99,-99,-99,-99,-99,5,种粮补贴较稳定,4,1,1,3,,1,0,0,1,0,1,2,1,,1,0,0,0,1,,0,0,1,0,0,1,6,,0,0,1,0,1,2,1,2.9,4,2,-99,4,2,17.7,49.0,1,3,-99,-99,,,,,,2,2,3,7,2,1,6,2,,0,1,0,0,0,0,23.5,3.0,4,43.4,1,1,3,4,1,1,40.4,39.5,1,4,1,5,3,-99,,0,1,0,0,0,0,0,2,-99,,,,,,,2,-99,,,,,,,,,3,"自家食用为主, 剩余出售",2,"自家食用为主, 剩余出售",2,"自家食用为主, 剩余出售",4,"外出务工, 家中老人耕种"
1,2,4,1,198705,5,2,4,1,1,1,6362,0,0,0,0,0,24.9,42.4,7.3,39.0,44.8,1.8,5,22.0,11.6,4,-99,流转给合作社统一经营,种粮补贴较稳定,-99,-99,-99,-99,-99,-99,-99,-99,-99,-99,-99,-99,-99,-99,-99,-99,-99,-99,-99,-99,,,,,,-99,-99,-99,-99,-99,,,,,,,,,-99,-99,,,,,-99,-99,-99,-99,-99,-99,-99,-99,-99,担心政策变化,流转给合作社统一经营,担心政策变化,42.8,5,,0,0,1,1,,0,1,0,0,1,1,,0,0,0,0,1,0,1,-99,35.2,6,1,6.9,8.5,1,3,2,-99,,,,,,2,-99,,,,,,,-99,-99,-99,,,,,-99,-99,2,-99,-99,-99,-99,-99,-99,-99,3,担心政策变化,3,3,1,4,,1,1,1,0,0,3,4,2,,1,1,0,1,0,,0,0,1,0,0,1,4,,0,0,1,0,1,1,3,16.8,3,1,27.1,4,4,21.6,6.7,5,1,2,,1,0,0,0,0,1,-99,-99,4,1,2,6,2,,1,0,0,1,0,0,1.4,47.1,5,21.1,3,6,3,4,1,4,4.0,48.6,4,2,1,5,1,-99,,0,0,1,0,0,1,0,1,,1,1,0,0,0,0,1,,0,0,0,0,0,0,1,0,2,种粮补贴较稳定,4,流转给合作社统一经营,2,种粮补贴较稳定,1,"自家食用为主, 剩余出售"
1,3,6,1,198801,5,1,1,1,2,3,13626,13.9,13.9,0,0,0,33.3,29.5,4.7,39.7,22.4,50.0,1,42.9,39.9,,-99,担心政策变化,"外出务工, 家中老人耕种",-99,-99,-99,-99,-99,-99,-99,-99,-99,-99,-99,-99,-99,-99,-99,-99,-99,-99,-99,-99,,,,,,-99,-99,-99,-99,-99,,,,,,,,,-99,-99,,,,,-99,-99,-99,-99,-99,-99,-99,-99,-99,"外出务工, 家中老人耕种","自家食用为主, 剩余出售",担心政策变化,2.9,4,,0,1,1,0,,0,0,1,1,0,0,,0,1,0,0,0,0,0,-99,11.6,2,2,32.1,16.7,1,3,2,-99,,,,,,2,-99,,,,,,,-99,-99,-99,,,,,-99,-99,1,4,35.1,1,40.5,3,1,3,-99,-99,1,4,2,2,,1,0,0,0,1,3,5,1,,0,0,0,0,1,,0,1,1,0,1,0,1,,0,0,1,0,1,1,1,2.8,2,1,-99,2,2,1.7,44.8,4,2,-99,-99,,,,,,1,4,5,2,3,2,6,3,,0,1,0,0,0,1,5.4,18.5,2,44.1,2,7,2,5,1,4,48.5,9.6,4,1,3,1,1,-99,,0,1,0,0,1,0,0,1,,1,1,0,1,0,0,1,,0,0,0,1,1,1,0,0,2,流转给合作社统一经营,1,担心政策变化,4,"自家食用为主, 剩余出售",2,担心政策变化
3,1,5,1,195106,1,3,4,1,2,3,22114,20.8,15.9,17.5,12.6,0,47.0,2.3,26.6,46.2,8.0,32.8,4,41.4,9.2,5,-99,担心政策变化,担心政策变化,31.5,49.3,1,2,1,2,1,2,1,1,26.2,7,40.7,1,3,"外出务工, 家中老人耕种",30.5,39.1,38.5,,0,1,0,0,0,3.4,1,2,3,,0,1,0,0,0,0,0,0,2,,0,0,1,0,2,29.5,5,19.6,2,3,"外出务工, 家中老人耕种",24.3,3,种粮补贴较稳定,种粮补贴较稳定,"自家食用为主, 剩余出售",20.8,5,,0,0,0,1,,1,0,0,1,0,1,,0,1,0,0,1,0,0,-99,49.9,3,4,32.5,41.1,2,-99,2,-99,,,,,,2,-99,,,,,,,-99,-99,-99,,,,,-99,-99,1,2,12.9,1,43.8,2,1,2,-99,-99,6,2,1,2,,1,0,1,0,1,3,2,2,,0,1,1,0,1,,0,1,0,0,0,0,2,,1,0,1,1,0,2,1,19.1,4,2,-99,1,2,44.8,45.3,4,2,-99,-99,,,,,,1,3,4,5,1,2,4,4,,0,1,0,0,0,0,24.9,35.4,1,14.8,2,2,4,4,1,5,15.3,29.6,1,4,3,3,1,-99,,0,0,0,0,0,0,1,2,-99,,,,,,,2,-99,,,,,,,,,2,种粮补贴较稳定,5,担心政策变化,5,"自家食用为主, 剩余出售",2,流转给合作社统一经营
